título_2014;links_2014;autores_e_universidades_2014;code_area;area;id_doc
THE ESTABLISHMENT OF ROBERT E. LUCAS JR.’S MACROECONOMICS OF EQUILIBRIUM IN THE 1970’S;http://www.anpec.org.br/encontro/2014/submissao/files_I/i1-ea6c7576815b9582ea35cbb374020079.docx;DANILO FREITAS RAMALHO DA SILVA;i1;Área 1 - História do Pensamento Econômico e Metodologia;doc1
A TESE DE PERFORMATIVIDADE E O AMBIENTE DAS IDEIAS: O PAPEL DOS MODELOS FORMAIS EM ECONOMIA;http://www.anpec.org.br/encontro/2014/submissao/files_I/i1-e4100ccfa9e55242a4926d5c9bced6b4.docx;CELSO PEREIRA NERIS JUNIOR;i1;Área 1 - História do Pensamento Econômico e Metodologia;doc2
AS INFLUÊNCIAS NORTE-AMERICANAS DE ROBERTO SIMONSEN: CONTROLE SOCIAL, INSTITUCIONALISMO E PLANEJAMENTO;http://www.anpec.org.br/encontro/2014/submissao/files_I/i1-e72298b7ffcb952bfb23a1ebb0b672e9.docx;MARCO ANTONIO RIBAS CAVALIERI;i1;Área 1 - História do Pensamento Econômico e Metodologia;doc3
INSTITUIÇÕES, MUDANÇA TECNOLÓGICA E CRESCIMENTO ECONÔMICO: UMA APROXIMAÇÃO DAS ESCOLAS NEO-SCHUMPETERIANA INSTITUCIONALISTA;http://www.anpec.org.br/encontro/2014/submissao/files_I/i1-8ae46b512ac74c2172ab79ad32fe9800.pdf;JONATTAN RODRIGUEZ CASTELLI;i1;Área 1 - História do Pensamento Econômico e Metodologia;doc4
AS CRÍTICAS DE AMARTYA SEN À TEORIA DA ESCOLHA SOCIAL DE KENNETH ARROW ;http://www.anpec.org.br/encontro/2014/submissao/files_I/i1-d33e82f6af4ab6a255ad3cc7722e8bea.docx;BRUNO BELTRAME ;i1;Área 1 - História do Pensamento Econômico e Metodologia;doc5
CREATING ACADEMIC ECONOMICS IN BRAZIL: THE FORD FOUNDATION AND THE BEGINNINGS OF ANPEC;http://www.anpec.org.br/encontro/2014/submissao/files_I/i1-c9944a4e8e103a87dcaad0e34e31da90.pdf;CARLOS EDUARDO SUPRINYAK;i1;Área 1 - História do Pensamento Econômico e Metodologia;doc6
HISTORY AS A WAY OF DOING ECONOMICS: ROBERTO SIMONSEN AND THE DIFFUSION OF THE GERMAN TRADITION OF ECONOMIC THOUGHT IN BRAZIL;http://www.anpec.org.br/encontro/2014/submissao/files_I/i1-f4192188d92e1dce4fdc01dc88fa439f.pdf;LUIZ FELIPE BRUZZI CURI;i1;Área 1 - História do Pensamento Econômico e Metodologia;doc7
RACIONALIDADE, INCOMENSURABILIDADE E HISTÓRIA: APRENDENDO COM UM DIÁLOGO ENTRE AS OBRAS DE H. A. SIMON E T. S. KUHN;http://www.anpec.org.br/encontro/2014/submissao/files_I/i1-612a1e64c26a820ceef5ec000e2ed267.pdf;JOÃO LUIZ PONDÉ;i1;Área 1 - História do Pensamento Econômico e Metodologia;doc8
A CONTROVÉRSIA NEG X PEG: UMA DISPUTA METODOLÓGICA NO CAMPO DA GEOGRAFIA ECONÔMICA;http://www.anpec.org.br/encontro/2014/submissao/files_I/i1-33a183224fee6f99bda6d4012194a65a.pdf;FERNANDO CARDOSO COTELO;i1;Área 1 - História do Pensamento Econômico e Metodologia;doc9
CRISIS, PROFIT RATE AND THE POLITICAL ECONOMY OF THE EUROZONE;http://www.anpec.org.br/encontro/2014/submissao/files_I/i2-ebeb50584e1a51936fdff852e50159a8.pdf;ANTÔNIO ALBANO DE FREITAS;i2;Área 2 - Economia Política;doc10
FINANCIALIZATION, HOUSING BUBBLE, AND THE GREAT RECESSION: AN INTERPRETATION BASED ON A CIRCUIT OF CAPITAL MODEL;http://www.anpec.org.br/encontro/2014/submissao/files_I/i2-482b69d4b4cef16c31a4aa396bfab493.pdf;FERNANDO MONTEIRO RUGITSKY;i2;Área 2 - Economia Política;doc11
RESTRUCTURING THE ECONOMIC POLICY FRAMEWORK IN BRAZIL: GENUINE OR GATTOPARDO CHANGE?;http://www.anpec.org.br/encontro/2014/submissao/files_I/i2-26344a1ff8f2b621481d830dde4b2336.pdf;PATRICK FONTAINE REIS DE ARAUJO;i2;Área 2 - Economia Política;doc12
BRECHAS AO CAPITAL NACIONAL: AS ESTRATÉGIAS DA CASA J. F. DE LACERDA & CIA. PARA CONTROLAR A EXPORTAÇÃO CAFEEIRA EM SANTOS NA DÉCADA DE 1880;http://www.anpec.org.br/encontro/2014/submissao/files_I/i3-78f54529ff174889045c6b67c6bc6d18.pdf;GUSTAVO PEREIRA DA SILVA;i3;Área 3 - História Econômica;doc13
REGIÕES E ESPECIALIZAÇÃO NA AGRICULTURA CAFEEIRA: SÃO PAULO NO INÍCIO DO SÉCULO XX;http://www.anpec.org.br/encontro/2014/submissao/files_I/i3-3735fdcf2267c586995888059c6384ab.pdf;RENATO PERIM COLISTETE;i3;Área 3 - História Econômica;doc14
MALOGRO DA FORTUNA: MERCADO FINANCEIRO DURANTE A GRANDE DEPRESSÃO DO SÉCULO XX;http://www.anpec.org.br/encontro/2014/submissao/files_I/i3-d3720d02fc31f994a8b79d2f695a0a45.pdf;RENATO LEITE MARCONDES;i3;Área 3 - História Econômica;doc15
INSTITUTIONS, INEQUALITY, AND LONG-TERM DEVELOPMENT: A PERSPECTIVE FROM BRAZILIAN REGIONS;http://www.anpec.org.br/encontro/2014/submissao/files_I/i3-ef35fbd80cc87d1247ad4e0c86cbc904.pdf;PEDRO FUNARI;i3;Área 3 - História Econômica;doc16
RENTABILIDADE DO TRABALHO ESCRAVO NO RIO GRANDE DO SUL NO SÉCULO XIX;http://www.anpec.org.br/encontro/2014/submissao/files_I/i3-15087f23cccd27e6dde47311516db814.pdf;DENISE MANFREDINI;i3;Área 3 - História Econômica;doc17
RAZÕES ECONÔMICAS, NÃO ECONOMICISTAS, DO GOLPE DE 1964;http://www.anpec.org.br/encontro/2014/submissao/files_I/i3-bdbb530c098bce104445d6a5e8e82b3c.pdf;PEDRO PAULO ZAHLUTH BASTOS;i3;Área 3 - História Econômica;doc18
CREDIBILITY ON PASS-THROUGH IN BRAZIL;http://www.anpec.org.br/encontro/2014/submissao/files_I/i4-46715482425b2ceb8a96bb80e04984ee.pdf;FELIPE SANTOS TOSTES;i4;Área 4 - Macroeconomia, Economia Monetária e Finanças;doc19
CONQUERING CREDIBILITY FOR MONETARY POLICY UNDER STICKY CONFIDENCE;http://www.anpec.org.br/encontro/2014/submissao/files_I/i4-38ec275bc837d719cf347fa69c5637a0.pdf;JAYLSON JAIR DA SILVEIRA;i4;Área 4 - Macroeconomia, Economia Monetária e Finanças;doc20
ESTRUTURA DE CAPITAL E CONTINGENTES CONVERSÍVEIS SOB A ÓTICA DE BASILEIA III - UM ESTUDO EMPÍRICO SOBRE O BRASIL;http://www.anpec.org.br/encontro/2014/submissao/files_I/i4-0120a2aeb64d0ead0598675a8fe5146b.docx;KARINA CYGANCZUK GOES;i4;Área 4 - Macroeconomia, Economia Monetária e Finanças;doc21
A IMPORTÂNCIA DA ADMINISTRAÇÃO DA DÍVIDA PÚBLICA PARA A CONSTRUÇÃO DA REPUTAÇÃO FISCAL E REDUÇÃO DO RISCO-PAÍS: EVIDÊNCIAS EMPÍRICAS PARA O BRASIL;http://www.anpec.org.br/encontro/2014/submissao/files_I/i4-1f9ca2715f1f5a02f2ce5b1e7026d4c6.pdf;BRUNO PIRES TIBERTO;i4;Área 4 - Macroeconomia, Economia Monetária e Finanças;doc22
COMPETITIVE PRESSURE: A CHANNEL TO REDUCE THE OUTPUT PER WORKER GAP BETWEEN COUNTRIES;http://www.anpec.org.br/encontro/2014/submissao/files_I/i4-6355d4ad0fb8bf5f33b368cda0122c96.pdf;STEFÂNIA GREZZANA;i4;Área 4 - Macroeconomia, Economia Monetária e Finanças;doc23
NÃO LINEARIDADES NA DINÂMICA DO PRODUTO INTERNO BRUTO BRASILEIRO ENTRE 1947 E 2012;http://www.anpec.org.br/encontro/2014/submissao/files_I/i4-cc12eaffd61ad796e0d92c3faf7986d2.pdf;LUCKAS SABIONI LOPES;i4;Área 4 - Macroeconomia, Economia Monetária e Finanças;doc24
FORECASTING THE YIELD CURVE WITH THE ARBITRAGE-FREE DYNAMIC NELSON-SIEGEL MODEL: BRAZILIAN EVIDENCE;http://www.anpec.org.br/encontro/2014/submissao/files_I/i4-11c4a7e59cd19528f7abc27637a886fb.pdf;FABRICIO TOURRUCÔO;i4;Área 4 - Macroeconomia, Economia Monetária e Finanças;doc25
INTERACTION BETWEEN FISCAL AND MONETARY POLICY IN A DYNAMIC NONLINEAR MODEL;http://www.anpec.org.br/encontro/2014/submissao/files_I/i4-6870ba1a20bab2881ccb981553aeb45e.docx;MARIO AUGUSTO BERTELLA;i4;Área 4 - Macroeconomia, Economia Monetária e Finanças;doc26
LARGE ESTIMATES OF THE ELASTICITY OF INTERTEMPORAL SUBSTITUTION: IS IT THE AGGREGATE RETURN SERIES OR THE INSTRUMENT LIST?;http://www.anpec.org.br/encontro/2014/submissao/files_I/i4-6cbc3804717e8fbd91348c02d083ed36.pdf;FÁBIO AUGUSTO REIS GOMES;i4;Área 4 - Macroeconomia, Economia Monetária e Finanças;doc27
A TALE OF THREE GAPS: UNEMPLOYMENT, CAPACITY UTILIZATION AND OUTPUT;http://www.anpec.org.br/encontro/2014/submissao/files_I/i4-608565f3f1149f195c335034994336f8.pdf;ARNILDO DA SILVA CORREA;i4;Área 4 - Macroeconomia, Economia Monetária e Finanças;doc28
O PODER DA COMUNICAÇÃO DO BANCO CENTRAL: AVALIANDO O IMPACTO SOBRE JUROS, BOLSA, CÂMBIO E EXPECTATIVA DE INFLAÇÃO;http://www.anpec.org.br/encontro/2014/submissao/files_I/i4-5a0848eb335a7ecc7569d928372c9509.pdf;PEDRO LUTZ RAMOS;i4;Área 4 - Macroeconomia, Economia Monetária e Finanças;doc29
MEDIDAS MACROPRUDENCIAIS EM UM MODELO DSGE: ANCORANDO O REQUERIMENTO CONTRACÍCLICO DE CAPITAL;http://www.anpec.org.br/encontro/2014/submissao/files_I/i4-1094d325998bdd535a8cfbe7721af316.pdf;LEONARDO NOGUEIRA FERREIRA;i4;Área 4 - Macroeconomia, Economia Monetária e Finanças;doc30
REGULAÇÃO MACROPRUDENCIAL E O MODELO DE FLUXOS FINANCEIROS;http://www.anpec.org.br/encontro/2014/submissao/files_I/i4-b064c25d99c7a20e57ca0a750cb94ddb.pdf;CLAUDIO OLIVEIRA DE MORAES;i4;Área 4 - Macroeconomia, Economia Monetária e Finanças;doc31
EXTERNAL CAPITAL FLOWS’ MANAGEMENT IN THE GREAT RECESSION: THE BRAZILIAN EXPERIENCE (2007-2013);http://www.anpec.org.br/encontro/2014/submissao/files_I/i4-99e19e382c4b39a01beda082a6c0767a.pdf;CESAR R. VAN DER LAAN ;i4;Área 4 - Macroeconomia, Economia Monetária e Finanças;doc32
ANÁLISE DA DINÂMICA ENTRE PREÇOS DAS COMMODITIES E INFLAÇÃO NO BRASIL UTILIZANDO FATORES COMUNS E PREVISÕES FORA DA AMOSTRA PARA O PERÍODO DE 2003:02 À 2014:02;http://www.anpec.org.br/encontro/2014/submissao/files_I/i4-b4449766ec459b9199952ac380d79fcf.pdf;RODRIGO GUSTAVO DE SOUZA;i4;Área 4 - Macroeconomia, Economia Monetária e Finanças;doc33
ANÁLISE DA DISTRIBUIÇÃO ESPACIAL DO IMPACTO DA POLÍTICA MONETÁRIA SOBRE O CRÉDITO PER CAPITA MUNICIPAL NA REGIÃO SUDESTE DO BRASIL;http://www.anpec.org.br/encontro/2014/submissao/files_I/i4-9a36b099aa44b6a4aa8c59dedfb5a310.pdf;BRUNO HENRIQUE PICON DE CARVAHO;i4;Área 4 - Macroeconomia, Economia Monetária e Finanças;doc34
CREDIT SCARCITY IN DEVELOPING COUNTRIES: AN EMPIRICAL INVESTIGATION USING BRAZILIAN FIRM-LEVEL DATA;http://www.anpec.org.br/encontro/2014/submissao/files_I/i4-08c6a23051fefda5722e89e584267b3b.pdf;ANDRÉ ALBUQUERQUE SANT'ANNA;i4;Área 4 - Macroeconomia, Economia Monetária e Finanças;doc35
REGRAS DE POLÍTICA MONETÁRIA E ESTRUTURA DAS BARGANHAS SALARIAIS NUM MODELO DE EQUILÍBRIO GERAL NOVO-KEYNESIANO ;http://www.anpec.org.br/encontro/2014/submissao/files_I/i4-098078334b012c99133a5098adf4c4eb.pdf;FLÁVIO AUGUSTO CORRÊA BASILIO;i4;Área 4 - Macroeconomia, Economia Monetária e Finanças;doc36
THE DIFFERENTIAL REGIONAL EFFECTS OF MONETARY AND FISCAL POLICIES IN BRAZIL;http://www.anpec.org.br/encontro/2014/submissao/files_I/i4-092fe1c5a7b9cb3fadec24cabb751eb4.pdf;IGOR ÉZIO MACIEL SILVA;i4;Área 4 - Macroeconomia, Economia Monetária e Finanças;doc37
OTIMIZAÇÃO DE REGRAS DE POLÍTICA MONETÁRIA E MODELOS DSGE;http://www.anpec.org.br/encontro/2014/submissao/files_I/i4-eb9bc13317b9f0089aa05c0d86dfd05a.pdf;GIBRAN MONIZ MATNI;i4;Área 4 - Macroeconomia, Economia Monetária e Finanças;doc38
FISCAL POLICY AND GROWTH IN A MODEL WITH ADJUSTMENT COSTS TO INVESTMENT;http://www.anpec.org.br/encontro/2014/submissao/files_I/i4-6e219ea6dbb590a3247b6c4b1b26f314.pdf;JOANNA GEORGIOS ALEXOPOULOS;i4;Área 4 - Macroeconomia, Economia Monetária e Finanças;doc39
DOES MIXED FREQUENCY VECTOR ERROR CORRECTION MODEL ADD RELEVANT INFORMATION TO EXCHANGE MISALIGNMENT CALCULUS? EVIDENCE FOR UNITED STATES;http://www.anpec.org.br/encontro/2014/submissao/files_I/i4-48b63a2f83a0846165a201204b8fb902.pdf;DIOGO DE PRINCE MENDONÇA;i4;Área 4 - Macroeconomia, Economia Monetária e Finanças;doc40
"A MULTI-AGENT COMPUTATIONAL MODEL FOR BRAZILIAN STOCK MARKET: THE ""GAP VALUE"" CHANNEL OF MONETARY POLICY TRANSMISSION MECHANISM";http://www.anpec.org.br/encontro/2014/submissao/files_I/i4-cb4ae43c6519a2496600f7f55f9f469e.pdf;MARCELO DE OLIVEIRA PASSOS;i4;Área 4 - Macroeconomia, Economia Monetária e Finanças;doc41
CHOQUES FISCAIS E INSTABILIDADE FINANCEIRA NO BRASIL: UMA ABORDAGEM TVAR ;http://www.anpec.org.br/encontro/2014/submissao/files_I/i4-69ab22b975ff66c19f0ff27ecde14df0.pdf;GIAN PAULO SOAVE;i4;Área 4 - Macroeconomia, Economia Monetária e Finanças;doc42
CRESCIMENTO BALANCEADO E O EFEITO DOS CHOQUES PERMANENTES E TRANSITÓRIOS SOBRE A ECONOMIA BRASILEIRA;http://www.anpec.org.br/encontro/2014/submissao/files_I/i4-7f105a21f488e678972c57db8b13d1c5.pdf;NICOLINO TROMPIERI NETO;i4;Área 4 - Macroeconomia, Economia Monetária e Finanças;doc43
POLÍTICA MONETÁRIA E CÂMBIO: EFEITOS SOBRE PREÇOS DESAGREGADOS EM UM MODELO FAVAR PARA O BRASIL.;http://www.anpec.org.br/encontro/2014/submissao/files_I/i4-1dea9f5119e8c3a63a8da9e8b794e7c3.pdf;THIAGO SEVILHANO MARTINEZ;i4;Área 4 - Macroeconomia, Economia Monetária e Finanças;doc44
CO-MOVIMENTOS ENTRE OS SETORES ECONÔMICOS NO BRASIL;http://www.anpec.org.br/encontro/2014/submissao/files_I/i4-473a78a27184cf8ff9e068cc2e8de6bd.pdf;IVAN CASTELAR;i4;Área 4 - Macroeconomia, Economia Monetária e Finanças;doc45
INFRAESTRUTURA PÚBLICA E INVESTIMENTO PRIVADO: IMPACTOS NA ECONOMIA BRASILEIRA;http://www.anpec.org.br/encontro/2014/submissao/files_I/i5-252ba26730b3ec8f130909520c4c2354.pdf;JOSÉ LAURINDO DE ALMEIDA ;i5;Área 5 - Economia do Setor Público;doc46
O PROGRAMA DE FISCALIZAÇÃO DE MUNICÍPIOS PEQUENOS E MÉDIOS A PARTIR DE SORTEIOS PÚBLICOS É EFICAZ?;http://www.anpec.org.br/encontro/2014/submissao/files_I/i5-4c9271d7259e789b9e78581bffcca88c.docx;FABIANA ROCHA;i5;Área 5 - Economia do Setor Público;doc47
DEMANDA POR GASTOS PÚBLICOS LOCAIS: EVIDÊNCIAS DOS EFEITOS DE ILUSÃO FISCAL NO BRASIL;http://www.anpec.org.br/encontro/2014/submissao/files_I/i5-5b036db4c43da68885db5a959beac8ca.pdf;JEVUKS MATHEUS DE ARAUJO;i5;Área 5 - Economia do Setor Público;doc48
TERM LIMITS AND POLITICAL BUDGET CYCLES AT THE LOCAL LEVEL: EVIDENCE FROM A YOUNG DEMOCRACY;http://www.anpec.org.br/encontro/2014/submissao/files_I/i5-d276d1db3a91ee1ef4db0917b052a5fb.pdf;FABIO ALVIM KLEIN;i5;Área 5 - Economia do Setor Público;doc49
REAÇÃO FISCAL DA DÍVIDA PÚBLICA PARA OS ESTADOS BRASILEIROS: UMA ANÁLISE UTILIZANDO EFEITOS LIMIARES;http://www.anpec.org.br/encontro/2014/submissao/files_I/i5-9b849e9111fdf9b1853df24c6a1643f9.pdf;FRANCISCO JOSE SILVA TABOSA;i5;Área 5 - Economia do Setor Público;doc50
A NOVA PREVIDÊNCIA COMPLEMENTAR DO SERVIDOR PÚBLICO FEDERAL: ASPECTOS TEÓRICOS E UM MODELO DE PREVISÃO DE RECURSOS;http://www.anpec.org.br/encontro/2014/submissao/files_I/i5-c6096488841973474735c4388d1821b5.pdf;RENATO PRADO SIQUEIRA;i5;Área 5 - Economia do Setor Público;doc51
CORRUPÇÃO E COMPOSIÇÃO DOS GASTOS GOVERNAMENTAIS: EVIDÊNCIAS A PARTIR DO PROGRAMA DE FISCALIZAÇÃO POR SORTEIOS PÚBLICOS DA CONTROLADORIA-GERAL DA UNIÃO;http://www.anpec.org.br/encontro/2014/submissao/files_I/i5-531aebd66e64aac6a2f7f1f919026390.docx;CRISTIANO MACHADO COSTA;i5;Área 5 - Economia do Setor Público;doc52
THREHOLDS ÓTIMOS PARA IMPLEMENTAÇÃO DE UM SISTEMA IVA NO BRASIL;http://www.anpec.org.br/encontro/2014/submissao/files_I/i5-6cd3d58a13438db00f9f6578be848c8c.pdf;HUGO DE ANDRADE LUCATELLI;i5;Área 5 - Economia do Setor Público;doc53
INDICADORES SOCIOECONÔMICOS COMO DETERMINANTES DO NÍVEL DE CORRUPÇÃO NOS MUNICÍPIOS BRASILEIROS – UMA ANÁLISE A PARTIR DE REGRESSÃO ESPACIAL;http://www.anpec.org.br/encontro/2014/submissao/files_I/i5-fc7b0765cf394c2c20dde95088ccbadc.docx;CAMILA FLORES ORTH;i5;Área 5 - Economia do Setor Público;doc54
GASTO PÚBLICO E ORGANIZAÇÃO LEGISLATIVA: EVIDÊNCIA DA LEI 1/N PARA O BRASIL;http://www.anpec.org.br/encontro/2014/submissao/files_I/i5-f76bb47f7ee207f90a9471e7654c9000.pdf;CARLOS RENATO DE MELO CASTRO;i5;Área 5 - Economia do Setor Público;doc55
SEGURANÇA PÚBLICA NO BRASIL: EFICIÊNCIA E DEFASAGEM TECNOLÓGICA;http://www.anpec.org.br/encontro/2014/submissao/files_I/i5-328759c39abb47872a6c0064bec315cc.docx;FRANCISCO SOARES DE LIMA;i5;Área 5 - Economia do Setor Público;doc56
CAMINHOS PARA A UNIVERSALIZAÇÃO DOS SERVIÇOS DE ÁGUA E ESGOTOS NO BRASIL: A ATUAÇÃO DAS ENTIDADES REGULADORAS PARA INDUÇÃO DA EFICIÊNCIA DOS PRESTADORES DE SERVIÇOS.;http://www.anpec.org.br/encontro/2014/submissao/files_I/i5-db4c195c6ba392806031a340b25aa867.docx;ANNE EMÍLIA COSTA CARVALHO;i5;Área 5 - Economia do Setor Público;doc57
O IMPACTO DOS GASTOS PÚBLICOS MUNICIPAIS SOBRE A QUALIDADE DA EDUCAÇÃO: UMA ANÁLISE DE VARIÁVEIS INSTRUMENTAIS ENTRE 2007 E 2011;http://www.anpec.org.br/encontro/2014/submissao/files_I/i5-7bcb5e4409a351f74858dcf4857c04ce.pdf;DARLAN CHRISTIANO KROTH;i5;Área 5 - Economia do Setor Público;doc58
CONSÓRCIOS PÚBLICOS MUNICIPAIS: UMA ANÁLISE INSTITUCIONAL;http://www.anpec.org.br/encontro/2014/submissao/files_I/i5-387be7d1e8f3ed506ed97c2030f096f2.docx;HILTON MANOEL DIAS RIBEIRO;i5;Área 5 - Economia do Setor Público;doc59
PROPERTY TAX CAPITALIZATION IN REAL ESTATE VALUES: EVIDENCES FROM SÃO PAULO;http://www.anpec.org.br/encontro/2014/submissao/files_I/i5-aacaadd5986b09d6ddccb11adb9b9cab.pdf;YURI CAMARA BATISTA;i5;Área 5 - Economia do Setor Público;doc60
COMPETIÇÃO POLÍTICA, GRUPOS DE INTERESSE E A OFERTA DE SERVIÇOS PÚBLICOS: UMA ANÁLISE PARA OS MUNICÍPIOS CEARENSES NOS ANOS DE 2005 E 2009;http://www.anpec.org.br/encontro/2014/submissao/files_I/i5-49404bb812f49a6d4286339b0990f6b6.pdf;FRANCISCO ANTONIO SOUSA DE ARAUJO;i5;Área 5 - Economia do Setor Público;doc61
GUERRA FISCAL, SISTEMA TRIBUTÁRIO E DESENVOLVIMENTO REGIONAL: UM MODELO DE COMPETIÇÃO FISCAL COM MERCADOS INCOMPLETOS APLICADO AO BRASIL;http://www.anpec.org.br/encontro/2014/submissao/files_I/i5-aadd13d61d24ebcef85d20eae00aba3c.docx;GUSTAVO MOREIRA DE SOUZA;i5;Área 5 - Economia do Setor Público;doc62
PÚBLICO VERSUS PRIVADO: EFEITOS DAS PRIVATIZAÇÕES SOBRE O ACESSO E A EQUIDADE DO ACESSO A SERVIÇOS DE SANEAMENTO BÁSICO NO BRASIL;http://www.anpec.org.br/encontro/2014/submissao/files_I/i5-914c1de894ca858b22c545e1242b745b.pdf;RAFAEL TERRA DE MENEZES;i5;Área 5 - Economia do Setor Público;doc63
SEGURIDADE SOCIAL E DEMOGRAFIA: QUANTIFICANDO O BÔNUS DEMOGRÁFICO NA PREVIDÊNCIA ENTRE 2002-12;http://www.anpec.org.br/encontro/2014/submissao/files_I/i5-87883551cc32310d798305341f2c4d6d.docx;DANIEL VASCONCELLOS ARCHER DUQUE;i5;Área 5 - Economia do Setor Público;doc64
COMPOSIÇÃO DINÂMICA DA DÍVIDA PÚBLICA: O MODELO DE SUAVIZAÇÃO DA TRIBUTAÇÃO PARA DÍVIDA FLUTUANTE;http://www.anpec.org.br/encontro/2014/submissao/files_I/i5-c4967ee103c0d140fc131c8de858a7bf.pdf;JULIANA INHASZ;i5;Área 5 - Economia do Setor Público;doc65
IMPACTO DO FUNDO DE PARTICIPAÇÃO DOS MUNICÍPIOS SOBRE OS GASTOS PÚBLICOS MUNICIPAIS POR FUNÇÃO: ANÁLISE ATRAVÉS DE UMA REGRESSÃO EM DESCONTINUIDADE;http://www.anpec.org.br/encontro/2014/submissao/files_I/i5-8eca5988b8134d6a4ca3d09a4e5716be.pdf;MARCELO ARAÚJO CASTRO;i5;Área 5 - Economia do Setor Público;doc66
WHAT DETERMINED LABOUR PRODUCTIVITY IN THE BRAZILIAN MANUFACTURING INDUSTRIES IN THE 2000S?;http://www.anpec.org.br/encontro/2014/submissao/files_I/i6-cc5aff609de93aa1f22aa0e0a650b682.pdf;ANDRÉ NASSIF;i6;Área 6 - Crescimento, Desenvolvimento Econômico e Instituições;doc67
FINANCE, DEVELOPMENT AND THE CHINESE ENTREPRENEURIAL STATE;http://www.anpec.org.br/encontro/2014/submissao/files_I/i6-6dc99e31c8ca4d6b63c23e923bc67725.pdf;LEONARDO BURLAMAQUI;i6;Área 6 - Crescimento, Desenvolvimento Econômico e Instituições;doc68
DEVELOPMENT THEORY: CONVERCENCE, CATCH-UP OR LEAPFROGGING AND FINANCE ?;http://www.anpec.org.br/encontro/2014/submissao/files_I/i6-34c146bd1f0ffddd06e7c83f1568f0b2.pdf;RAINER KATTEL;i6;Área 6 - Crescimento, Desenvolvimento Econômico e Instituições;doc69
ELASTICITY OF SUBSTITUTION AND SOCIAL CONFLICT: A STRUCTURALIST NOTE ON PIKETTY’S CAPITAL IN THE 21ST CENTURY;http://www.anpec.org.br/encontro/2014/submissao/files_I/i6-28b1ea073d7049675bfb07413dc11658.pdf;NELSON HENRIQUE BARBOSA FILHO;i6;Área 6 - Crescimento, Desenvolvimento Econômico e Instituições;doc70
CONCILIATING PREBISCH-SINGER AND THIRLWALL: AN ASSESSMENT OF THE DYNAMICS OF TERMS-OF-TRADE IN A BOPC GROWTH MODEL;http://www.anpec.org.br/encontro/2014/submissao/files_I/i6-de712389d4c25cebacc55330d3b23f46.pdf;ADRIANA MOREIRA AMADO;i6;Área 6 - Crescimento, Desenvolvimento Econômico e Instituições;doc71
STRUCTURAL CHANGE, DE-INDUSTRIALIZATION AND INFLATION INERTIA IN BRAZIL;http://www.anpec.org.br/encontro/2014/submissao/files_I/i6-182cd08e5876efc80cab79870dedb437.pdf;ANDRÉ RONCAGLIA;i6;Área 6 - Crescimento, Desenvolvimento Econômico e Instituições;doc72
UM MODELO DE KALDORIANO DE CRESCIMENTO COM RESTRIÇÃO DE BALANÇO DE PAGAMENTOS;http://www.anpec.org.br/encontro/2014/submissao/files_I/i6-b8f72af3ff5a3de0703dd8047759de2b.pdf;BERNARDO MATTOS SANTANA;i6;Área 6 - Crescimento, Desenvolvimento Econômico e Instituições;doc73
BRAZIL´S DEVELOPMENT PATTERN IN A SINO-CENTRED WORLD: AN INTERNATIONAL POLITICAL ECONOMY PERSPECTIVE ;http://www.anpec.org.br/encontro/2014/submissao/files_I/i6-cea65d8b3254c831f819f2b60197ca7a.pdf;ANDRÉ MOREIRA CUNHA;i6;Área 6 - Crescimento, Desenvolvimento Econômico e Instituições;doc74
A INSTITUCIONALIDADE DA POLÍTICA CAMBIAL NO BRASIL;http://www.anpec.org.br/encontro/2014/submissao/files_I/i6-276b5633de4bd85b728cb84abfbf8e4e.pdf;PEDRO ROSSI;i6;Área 6 - Crescimento, Desenvolvimento Econômico e Instituições;doc75
FOREIGN DIRECT INVESTMENT AND BALANCE OF PAYMENTS IN LATIN AMERICA (1990-2011);http://www.anpec.org.br/encontro/2014/submissao/files_I/i6-1616d898ddf2abd65f31558cb111d579.pdf;DOUGLAS ALCANTARA ALENCAR;i6;Área 6 - Crescimento, Desenvolvimento Econômico e Instituições;doc76
DEVELOPMENT CONVENTIONS: THEORY AND THE BRAZILIAN CASE AFTER THE MID-20TH CENTURY;http://www.anpec.org.br/encontro/2014/submissao/files_I/i6-0f191b728efd1029cd49d37773257ca6.pdf;RUI LYRIO MODENESI;i6;Área 6 - Crescimento, Desenvolvimento Econômico e Instituições;doc77
SISTEMA NACIONAL DE INOVAÇÃO EM UM MODELO COM RESTRIÇÃO EXTERNA;http://www.anpec.org.br/encontro/2014/submissao/files_I/i6-510ec7f9b5715721f8c83a4807f8f32f.pdf;LUCIANO FERREIRA GABRIEL;i6;Área 6 - Crescimento, Desenvolvimento Econômico e Instituições;doc78
FINANCEIRIZAÇÃO E CRESCIMENTO: ALGUNS EXPERIMENTOS STOCK-FLOW CONSISTENT ;http://www.anpec.org.br/encontro/2014/submissao/files_I/i6-658dfd814e0c41f7f30071ac3bff02b6.pdf;PAULO FRANCISCO DO NASCIMENTO ;i6;Área 6 - Crescimento, Desenvolvimento Econômico e Instituições;doc79
SECTORAL CAPABILITIES AND PRODUCTIVE STRUCTURE: AN INPUT-OUTPUT ANALYSIS OF THE KEY SECTORS OF THE BRAZILIAN ECONOMY;http://www.anpec.org.br/encontro/2014/submissao/files_I/i6-47d3cdf6c4f6415a1ed677313e5376bb.pdf;NELSON MARCONI;i6;Área 6 - Crescimento, Desenvolvimento Econômico e Instituições;doc80
GROWTH RATE AND LEVEL EFFECTS, THE ADJUSTMENT OF CAPACITY TO DEMAND AND THE SRAFFIAN SUPERMULTIPLIER;http://www.anpec.org.br/encontro/2014/submissao/files_I/i6-bf28c88481c047600a5513eaaedeb5c1.pdf;FRANKLIN SERRANO;i6;Área 6 - Crescimento, Desenvolvimento Econômico e Instituições;doc81
RETORNOS CRESCENTES DE ESCALA, INOVAÇÃO TECNOLÓGICA E ESPECIALIZAÇÃO PRODUTIVA: UM MODELO SÍNTESE;http://www.anpec.org.br/encontro/2014/submissao/files_I/i6-5e822ecadcb1d26c0152a7839e2b28b8.docx;FRANCISCO HORÁCIO PEREIRA DE OLIVEIRA;i6;Área 6 - Crescimento, Desenvolvimento Econômico e Instituições;doc82
A ECONOMIA BRASILEIRA SOB RESTRIÇÃO DO BALANÇO DE PAGAMENTOS: UMA ANÁLISE EMPÍRICA DA LEI DE THIRLWALL NO BOOM DAS COMMODITIES;http://www.anpec.org.br/encontro/2014/submissao/files_I/i6-14a6d1c176165032efe027070e360813.pdf;MARIA CAROLINA BASSO;i6;Área 6 - Crescimento, Desenvolvimento Econômico e Instituições;doc83
FLUXOS DE CAPITAIS NA AMÉRICA DO SUL E CRESCIMENTO ECONÔMICO: UMA ANÁLISE DA RELAÇÃO ENTRE POUPANÇA EXTERNA, INVESTIMENTO E CONSUMO;http://www.anpec.org.br/encontro/2014/submissao/files_I/i6-c4bfe4ccf37358b964efed95350958c4.docx;DANIELA FREDDO;i6;Área 6 - Crescimento, Desenvolvimento Econômico e Instituições;doc84
INFORMALIDADE, CRESCIMENTO E PRODUTIVIDADE DO TRABALHO NO BRASIL: DESEMPENHO NOS ANOS 2000 E CENÁRIOS CONTRAFACTUAIS;http://www.anpec.org.br/encontro/2014/submissao/files_I/i6-55255245053561c0c3a01baf2aa8aba1.docx;CLAUDIO ROBERTO AMITRANO;i6;Área 6 - Crescimento, Desenvolvimento Econômico e Instituições;doc85
EFEITOS DA PRODUTIVIDADE, DEMANDA E DISTRIBUIÇÃO DE RENDA NO CRESCIMENTO BRASILEIRO;http://www.anpec.org.br/encontro/2014/submissao/files_I/i6-e02895cb22a728b0c18fc912db4dcd44.pdf;PEDRO WESLEY VERTINO DE QUEIROZ;i6;Área 6 - Crescimento, Desenvolvimento Econômico e Instituições;doc86
UMA INVESTIGAÇÃO EMPÍRICA SOBRE OS DETERMINANTES DO INVESTIMENTO NO BRASIL (1995-2013);http://www.anpec.org.br/encontro/2014/submissao/files_I/i6-302e9e2238644d522bf5126210be53d9.pdf;ERICA OLIVEIRA GONZALES;i6;Área 6 - Crescimento, Desenvolvimento Econômico e Instituições;doc87
MUDANÇA ESTRUTURAL E EFICIÊNCIA DINÂMICA: ASPECTOS TEÓRICOS E EVIDÊNCIAS HISTÓRICAS;http://www.anpec.org.br/encontro/2014/submissao/files_I/i6-a1e69883e73be95f26ab04af8152f91e.pdf;TOMÁS AMARAL TOREZANI;i6;Área 6 - Crescimento, Desenvolvimento Econômico e Instituições;doc88
NEODESARROLLISMO Y EL TIPO DE CAMBIO COMPETITIVO;http://www.anpec.org.br/encontro/2014/submissao/files_I/i6-d8763bcf1d28be3c59c47175979941b7.pdf;ALEJANDRO FIORITO;i6;Área 6 - Crescimento, Desenvolvimento Econômico e Instituições;doc89
QUALIDADE DAS EXPORTAÇÕES E CRESCIMENTO ECONÔMICO NOS ANOS 2000;http://www.anpec.org.br/encontro/2014/submissao/files_I/i6-693f98671a43185ba1dd2ecc674adc53.pdf;GILBERTO LIBÂNIO;i6;Área 6 - Crescimento, Desenvolvimento Econômico e Instituições;doc90
A MULTI-SECTORIAL ASSESSMENT OF THE STATIC HARROD FOREIGN TRADE MULTIPLIER;http://www.anpec.org.br/encontro/2014/submissao/files_I/i7-117969b06e37f6c0f254997250cf8d59.docx;RICARDO SILVA AZEVEDO ARAUJO;i7;Área 7 - Economia Internacional;doc91
VALIDADE DA PARIDADE DE PODER DE COMPRA PARA PAÍSES SELECIONADOS DA AMÉRICA LATINA: TESTE DE RAIZ UNITÁRIA LINEAR E NÃO LINEAR;http://www.anpec.org.br/encontro/2014/submissao/files_I/i7-160cd1c1ff976532e8058e1e5abb90ff.pdf;CLAUDIO ROBERTO FÓFFANO VASCONCELOS;i7;Área 7 - Economia Internacional;doc92
AS ELASTICIDADES SETORIAIS DAS EXPORTAÇÕES BRASILEIRAS: UMA ANÁLISE EMPIRICA NO CURTO E LONGO PRAZO;http://www.anpec.org.br/encontro/2014/submissao/files_I/i7-450f1a38fb122ac7bc3c6ef1e8578848.pdf;DIEISONLENON CASAGRANDE;i7;Área 7 - Economia Internacional;doc93
BRAZILIAN ROLE IN THE GLOBAL VALUE CHAINS;http://www.anpec.org.br/encontro/2014/submissao/files_I/i7-ef84a546440fd1159783666a98434733.docx;JOAQUIM JOSÉ MARTINS GUILHOTO;i7;Área 7 - Economia Internacional;doc94
FRAGMENTAÇÃO INTERNACIONAL DA PRODUÇÃO E SOFISTICAÇÃO DAS EXPORTAÇÕES: UMA ANÁLISE A PARTIR DOS FLUXOS DE COMÉRCIO DO MERCOSUL ENTRE 1994 E 2012;http://www.anpec.org.br/encontro/2014/submissao/files_I/i7-e8f74719a28febf555f13e05990eb312.pdf;KAIO GLAUBER VITAL DA COSTA;i7;Área 7 - Economia Internacional;doc95
HISTERESE NAS EXPORTAÇÕES MANUFATURADAS BRASILEIRAS: UM TESTE A PARTIR DE MODELOS DE PAINEL COM TRANSIÇÃO SUAVE E MÚLTIPLOS REGIMES;http://www.anpec.org.br/encontro/2014/submissao/files_I/i7-823220cf14f28a2b27aa28c0fcc72552.docx;SÉRGIO KANNEBLEY JÚNIOR;i7;Área 7 - Economia Internacional;doc96
IMPACTO DA CHINA SOBRE AS ELASTICIDADES PREÇO E RENDA DAS EXPORTAÇÕES BRASILEIRAS (1980-2012): UMA ABORDAGEM VIA ARDL;http://www.anpec.org.br/encontro/2014/submissao/files_I/i7-b8fcfbde8eb2c35daa0ba85030da1b8a.pdf;EDSON ROBERTO VIEIRA;i7;Área 7 - Economia Internacional;doc97
FLUXO DE CAPITAIS E TAXA DE CÂMBIO REAL EFETIVA NOS PAÍSES EM DESENVOLVIMENTO;http://www.anpec.org.br/encontro/2014/submissao/files_I/i7-f00f2565ca2f71670aa47c669efc4722.pdf;LIVIA NALESSO BAPTISTA;i7;Área 7 - Economia Internacional;doc98
INFLUÊNCIA DA NÃO LINEARIDADE DA TAXA DE CÂMBIO REAL SOBRE AS EXPORTAÇÕES POR FATOR AGREGADO DO BRASIL PARA OS ESTADOS UNIDOS;http://www.anpec.org.br/encontro/2014/submissao/files_I/i7-818e18df3195d5a5e0b66ea569fc47e6.pdf;SILVINHA P. VASCONCELOS;i7;Área 7 - Economia Internacional;doc99
INVOICE CURRENCY IN BRAZIL;http://www.anpec.org.br/encontro/2014/submissao/files_I/i7-2d15e61fee151e07e801141ee2b0bbe8.pdf;DANIEL GERSTEN REISS;i7;Área 7 - Economia Internacional;doc100
A HIERARQUIA DE MOEDAS E A RELAÇÃO CENTRO-PERIFERIA REVISITADA;http://www.anpec.org.br/encontro/2014/submissao/files_I/i7-e923374cc89126567270d9f340d65214.pdf;ALEX WILHANS ANTONIO PALLUDETO;i7;Área 7 - Economia Internacional;doc101
EXPORT QUALITY AND THE DYNAMICS OF NORTH-SOUTH COMPETITION;http://www.anpec.org.br/encontro/2014/submissao/files_I/i7-6e343f897a0fa2022964e14ad0c77092.pdf;JORGE CHAMI BATISTA;i7;Área 7 - Economia Internacional;doc102
IMPACTOS DA INTEGRAÇÃO DO BRASIL COM A UNIÃO EUROPEIA ATRAVÉS DE UM MODELO DE EQUILÍBRIO GERAL;http://www.anpec.org.br/encontro/2014/submissao/files_I/i7-cf0b50d1fd7fad93f98634979d606e23.pdf;EZEQUIEL INSAURRIAGA MEGIATO;i7;Área 7 - Economia Internacional;doc103
KEYNES AT THE PERIPHERY: CURRENCY HIERARCHY AND CHALLENGES FOR ECONOMIC POLICY IN EMERGING ECONOMIES;http://www.anpec.org.br/encontro/2014/submissao/files_I/i7-7db2c867ef1f3165be933e8ed03fd87f.pdf;DANIELA MAGALHÃES PRATES;i7;Área 7 - Economia Internacional;doc104
A RESTRIÇÃO EXTERNA E A “LEI DE THIRLWALL” COM ENDIVIDAMENTO EXTERNO;http://www.anpec.org.br/encontro/2014/submissao/files_I/i7-f9b77672a893388f3fbc8168c574b6b2.pdf;GUSTAVO BHERING;i7;Área 7 - Economia Internacional;doc105
ANÁLISE DOS CONDICIONANTES PARA A INTEGRAÇÃO PRODUTIVA ENTRE OS PAÍSES SUL-AMERICANOS;http://www.anpec.org.br/encontro/2014/submissao/files_I/i7-e14038c0d151f9078da7da6ce0e192c5.pdf;RUBIA CRISTINA WEGNER;i7;Área 7 - Economia Internacional;doc106
RESTRIÇÃO EXTERNA E CRESCIMENTO: SIMULANDO UM MODELO MULTISSETORIAL ABERTO;http://www.anpec.org.br/encontro/2014/submissao/files_I/i7-c9f37fafb65358f2cac6863d767dd6df.docx;MARIA ISABEL BUSATO;i7;Área 7 - Economia Internacional;doc107
A CRISE FINANCEIRA AMERICANA E AS IMPLICAÇÕES PARA A POLÍTICA MONETÁRIA;http://www.anpec.org.br/encontro/2014/submissao/files_I/i7-96142a884149f915822f42bd601daa8a.pdf;PAULO JOSÉ SARAIVA;i7;Área 7 - Economia Internacional;doc108
SECURITIZATION AND CREDIT RISK IN THE BRAZILIAN ECONOMY;http://www.anpec.org.br/encontro/2014/submissao/files_I/i8-86ab1eb244e2b5dfa5054d010470d923.pdf;VIVIAN ÍRIS BARCELOS;i8;Área 8 - Microeconomia, Métodos Quantitativos e Finanças;doc109
PROPAGATION OF SYSTEMIC RISK IN INTERBANK NETWORKS;http://www.anpec.org.br/encontro/2014/submissao/files_I/i8-17894e6c79fb73cc1ec69db1060c1938.pdf;JOSE ROBERTO IGLESIAS;i8;Área 8 - Microeconomia, Métodos Quantitativos e Finanças;doc110
FREE-RIDING IN PROCUREMENT DESIGN;http://www.anpec.org.br/encontro/2014/submissao/files_I/i8-af16b5878abd88c34b6cb9b2cfc8a256.pdf;KLENIO BARBOSA;i8;Área 8 - Microeconomia, Métodos Quantitativos e Finanças;doc111
LIKE FATHER, LIKE SON? AN ANALYSIS OF THE EFFECTS OF CIRCUMSTANCES ON STUDENT PERFORMANCE IN PISA 2012;http://www.anpec.org.br/encontro/2014/submissao/files_I/i8-3089bf3deec913fd4218fadc0bcebd2e.pdf;LAURO CÉSAR BEZERRA NOGUEIRA;i8;Área 8 - Microeconomia, Métodos Quantitativos e Finanças;doc112
DESENHO CONTRATUAL E PARCERIAS PÚBLICO PRIVADAS PARA HOSPITAIS;http://www.anpec.org.br/encontro/2014/submissao/files_I/i8-037bd30251b48d0d4b9396ee7e2353da.pdf;RODRIGO NOBRE FERNANDEZ;i8;Área 8 - Microeconomia, Métodos Quantitativos e Finanças;doc113
MODELO NELSON-SIEGEL COM CONDIÇÕES DE NÃO ARBITRAGEM PARA PREVISÃO DE INFLAÇÃO A PARTIR DO MERCADO DE TÍTULOS BRASILEIRO;http://www.anpec.org.br/encontro/2014/submissao/files_I/i8-f8b407eef34dbc6e52c0196c4655961c.pdf;LUCAS ARGENTIERI MARIANI;i8;Área 8 - Microeconomia, Métodos Quantitativos e Finanças;doc114
ON THE EXISTENCE OF LOSS FUNCTION FOR SOME USEFUL CLASSES OF CENTRAL BANKERS;http://www.anpec.org.br/encontro/2014/submissao/files_I/i8-67b3d44a488ac7cdaeff40679502ff2e.pdf;MARCELO DE CARVALHO GRIEBELER;i8;Área 8 - Microeconomia, Métodos Quantitativos e Finanças;doc115
TEORIA DO PROSPECTO E AS DIFERENÇAS DE COMPORTAMENTO PERANTE O RISCO ENTRE GÊNERO, ESCOLARIDADE E IDADE;http://www.anpec.org.br/encontro/2014/submissao/files_I/i8-211e0a2c5d1e748ad976a3f40b5c1c4d.pdf;MARCOS PAULO DA SILVA FALLEIRO;i8;Área 8 - Microeconomia, Métodos Quantitativos e Finanças;doc116
ELASTICIDADE DA DEMANDA POR GASOLINA NO BRASIL E O USO DA TECNOLOGIA FLEX FUEL NO PERÍODO 2001-2012;http://www.anpec.org.br/encontro/2014/submissao/files_I/i8-acfa1a7b20d29026ee0ee9ec9b04e17f.pdf;JÚLIO CESAR ALBUQUERQUE BASTOS;i8;Área 8 - Microeconomia, Métodos Quantitativos e Finanças;doc117
ANÁLISE DA COMPETIÇÃO E FORMAÇÃO DE JOINT VENTURES NOS LEILÕES DE TRANSMISSÃO DE ENERGIA ELÉTRICA NO BRASIL;http://www.anpec.org.br/encontro/2014/submissao/files_I/i8-9b2319248d0560850f972289d6990fdc.pdf;EDUARDO CARDEAL TOMAZZIA;i8;Área 8 - Microeconomia, Métodos Quantitativos e Finanças;doc118
ANÁLISE DO JOGO INDUZIDO PELO MECANISMO SISU DE ALOCAÇÃO DE ESTUDANTES EM UNIVERSIDADES;http://www.anpec.org.br/encontro/2014/submissao/files_I/i8-63b19702151c4ea9c41924b9a7a7b9d8.pdf;LUIS CARLOS MARTINS ABREU;i8;Área 8 - Microeconomia, Métodos Quantitativos e Finanças;doc119
THIN SUBSIDIES NO BRASIL: UMA INVESTIGAÇÃO DOS SEUS EFEITOS SOBRE A DEMANDA DE FRUTAS E HORTALIÇAS;http://www.anpec.org.br/encontro/2014/submissao/files_I/i8-f1116030602059648ed1c5556028c457.pdf;MARIA MICHELIANA DA COSTA SILVA;i8;Área 8 - Microeconomia, Métodos Quantitativos e Finanças;doc120
ESTIMANDO A AVERSÃO AO RISCO NO MERCADO DE SEGUROS DE AUTOMÓVEIS;http://www.anpec.org.br/encontro/2014/submissao/files_I/i8-b084b81f233f062dbead5e6c8cb62ef9.pdf;CAIO MATTEUCCI DE ANDRADE LOPES;i8;Área 8 - Microeconomia, Métodos Quantitativos e Finanças;doc121
THE 2D:4D RATIO AND MYOPIC LOSS AVERSION (MLA): AN EXPERIMENTAL INVESTIGATION;http://www.anpec.org.br/encontro/2014/submissao/files_I/i8-9d35998587bf59834e770ec960e9a2a6.pdf;ANDERSON MUTTER TEIXEIRA;i8;Área 8 - Microeconomia, Métodos Quantitativos e Finanças;doc122
IS PAIRS TRADING PERFORMANCE SENSITIVE TO THE METHODOLOGIES?: A COMPARISON;http://www.anpec.org.br/encontro/2014/submissao/files_I/i8-36547dd210d294050a2a60617a15b793.pdf;BRUNO BREYER CALDAS;i8;Área 8 - Microeconomia, Métodos Quantitativos e Finanças;doc123
PROBABILISTIC SOPHISTICATION, SOURCES OF UNCERTAINTY, AND COGNITIVE ABILITY: EXPERIMENTAL EVIDENCE;http://www.anpec.org.br/encontro/2014/submissao/files_I/i8-3a83980e4a647a8f94e6395cc9701214.pdf;SERGIO ALMEIDA;i8;Área 8 - Microeconomia, Métodos Quantitativos e Finanças;doc124
SELEÇÃO DE CARTEIRAS COM RESTRIÇÃO DAS NORMAS DAS POSIÇÕES: UMA COMPARAÇÃO EMPÍRICA ENTRE DIFERENTES NÍVEIS DE RESTRIÇÃO DE EXPOSIÇÃO PARA DADOS DA BM&FBOVESPA;http://www.anpec.org.br/encontro/2014/submissao/files_I/i8-4ddb23813d689d5ae684d5162e07302a.pdf;PAULO FERREIRA NAIBERT;i8;Área 8 - Microeconomia, Métodos Quantitativos e Finanças;doc125
SHORT-TERM ALLOCATION OF GAS NETWORKS AND GAS-ELECTRICITY INPUT FORECLOSURE;http://www.anpec.org.br/encontro/2014/submissao/files_I/i9-59544d7c03f3ff58649c953a01868248.pdf;MIGUEL VAZQUEZ;i9;Área 9 - Economia Industrial e da Tecnologia;doc126
CIÊNCIA E TECNOLOGIA VERSUS ESTRUTURAS ESTADUAIS: UMA ANÁLISE EM DADOS EM PAINEL (2000 - 2010);http://www.anpec.org.br/encontro/2014/submissao/files_I/i9-b0e06fe382869acc8ab2326a0b64971b.pdf;ROSA LIVIA GONÇALVES MONTENEGRO;i9;Área 9 - Economia Industrial e da Tecnologia;doc127
BENEFITS, RESULTS AND BARRIERS TO INTERACTION TO INDUSTRY: THE PERSPECTIVE OF ACADEMIC RESEARCH GROUPS;http://www.anpec.org.br/encontro/2014/submissao/files_I/i9-32085c46d2afa0a85850bf2ab4502369.pdf;RENATO GARCIA;i9;Área 9 - Economia Industrial e da Tecnologia;doc128
HETEROGENEIDADE DA DEMANDA E INOVAÇÃO DE PRODUTOS;http://www.anpec.org.br/encontro/2014/submissao/files_I/i9-f6b5cd34d3459ae127bca7453bcfd847.pdf;THIAGO CALIARI;i9;Área 9 - Economia Industrial e da Tecnologia;doc129
OS CANAIS DE TRANSFERÊNCIA DE CONHECIMENTO DAS UNIVERSIDADES/IPPS E SUA RELAÇÃO COM A PERFORMANCE INOVATIVA DAS EMPRESAS NO BRASIL;http://www.anpec.org.br/encontro/2014/submissao/files_I/i9-8a99730f916ced6172b16ff5f0dfb3df.pdf;PRISCILA GOMES DE CASTRO;i9;Área 9 - Economia Industrial e da Tecnologia;doc130
THE EVOLUTION OF A METHODOLOGY FOR RELEVANT MARKET DEFINITION: AN ANALYSIS OF CADE'S JURISPRUDENCE ON PRIVATE HIGHER EDUCATIONAL MARKETS;http://www.anpec.org.br/encontro/2014/submissao/files_I/i9-d401949eafb32edea89b1f859cd23d02.pdf;THOMAZ TEODOROVICZ;i9;Área 9 - Economia Industrial e da Tecnologia;doc131
UMA ANÁLISE DO PASS-THROUGH DE TARIFAS DE IMPORTAÇÃO E DE CÂMBIO NO SETOR SIDERÚRGICO BRASILEIRO;http://www.anpec.org.br/encontro/2014/submissao/files_I/i9-c6cd332e5a7b44a2543ec47e255b6e34.pdf;ANDREA PEREIRA MACERA;i9;Área 9 - Economia Industrial e da Tecnologia;doc132
OS IMPACTOS DAS POLÍTICAS DE ESTÍMULO À INDÚSTRIA BRASILEIRA ;http://www.anpec.org.br/encontro/2014/submissao/files_I/i9-a3e392cea952abbba2cc5ed12c53d756.pdf;PRISCILA HENRIQUES GODOY;i9;Área 9 - Economia Industrial e da Tecnologia;doc133
ESTIMATING KALDOR-VERDOORN’S LAW ACROSS COUNTRIES IN DIFFERENT STAGES OF DEVELOPMENT;http://www.anpec.org.br/encontro/2014/submissao/files_I/i9-0ed7d252394aed6039f6af0e4ed51fc6.pdf;GUILHERME RICCIOPPO MAGACHO;i9;Área 9 - Economia Industrial e da Tecnologia;doc134
INVESTMENT IN THE BRAZILIAN MANUFACTURING INDUSTRY AND THE REAL EXCHANGE RATE: AN INVESTIGATION USING SECTORAL-LEVEL PANEL DATA;http://www.anpec.org.br/encontro/2014/submissao/files_I/i9-851cf1a0f8979eda34ccd3390cb26ba8.pdf;CAROLINA TRONCOSO BALTAR;i9;Área 9 - Economia Industrial e da Tecnologia;doc135
INOVAÇÕES NÃO DRÁSTICAS: PATENTES, DIFUSÃO TECNOLÓGICA E ANTITRUSTE;http://www.anpec.org.br/encontro/2014/submissao/files_I/i9-356984cc3d09f00c1410d7bea95ca7ee.docx;LUIZ ALBERTO ESTEVES;i9;Área 9 - Economia Industrial e da Tecnologia;doc136
DETERMINANTS OF ENVIRONMENTAL INNOVATION IN BRAZILIAN MANUFACTURING INDUSTRIES;http://www.anpec.org.br/encontro/2014/submissao/files_I/i9-4b2be29054a654c902ed579fce57d781.pdf;ANDREA LUCCHESI;i9;Área 9 - Economia Industrial e da Tecnologia;doc137
EFFECTS OF BNDES PSI ON INVESTMENT OF BRAZILIAN INDUSTRIAL COMPANIES: IMPACT ESTIMATES BASED ON A MATCHING APPROACH;http://www.anpec.org.br/encontro/2014/submissao/files_I/i9-c13357a33438c2bd6fed496a1be78c9f.pdf;DANIEL DA SILVA GRIMALDI;i9;Área 9 - Economia Industrial e da Tecnologia;doc138
RIVALIDADE NO MERCADO BANCÁRIO BRASILEIRO ENTRE 2000-2012;http://www.anpec.org.br/encontro/2014/submissao/files_I/i9-25da07b09da6998d25fd2fae5fed935b.pdf;MARIANA ARAÚJO E SILVA BOTTREL;i9;Área 9 - Economia Industrial e da Tecnologia;doc139
UMA ANÁLISE MULTIVARIADA DOS ESFORÇOS TECNOLÓGICOS DOS SETORES INDUSTRIAIS BRASILEIROS;http://www.anpec.org.br/encontro/2014/submissao/files_I/i9-12997ae15252be8336e1dcee5127149b.pdf;JULIANA GONÇALVES TAVEIRA;i9;Área 9 - Economia Industrial e da Tecnologia;doc140
ESTUDO DE EVENTOS E ANÁLISE DA RENTABILIDADE EX POST COMO METODOLOGIA DE ANÁLISE DE FUSÕES: O CASO BRASILEIRO;http://www.anpec.org.br/encontro/2014/submissao/files_I/i9-527e08053a1c818d6063e1ebe20f2276.docx;GABRIEL GOUVEA RABELLO;i9;Área 9 - Economia Industrial e da Tecnologia;doc141
IMPACTO DAS POLÍTICAS DE INOVAÇÃO NAS PEQUENAS, MÉDIAS E GRANDES EMPRESAS BRASILEIRAS;http://www.anpec.org.br/encontro/2014/submissao/files_I/i9-5d93598c4172b3d551c4942f70b59702.pdf;ANA PAULA MACEDO DE AVELLAR;i9;Área 9 - Economia Industrial e da Tecnologia;doc142
PRODUTIVIDADE E COMPETIÇÃO NO MERCADO DE PRODUTOS: UMA VISÃO GERAL DA MANUFATURA NO BRASIL;http://www.anpec.org.br/encontro/2014/submissao/files_I/i9-9c61bb9eb8e6112ab926cc4419fff06c.pdf;EDUARDO PONTUAL RIBEIRO;i9;Área 9 - Economia Industrial e da Tecnologia;doc143
ANÁLISE ESTRUTURALISTA-KALDORIANA DA ECONOMIA BRASILEIRA SOB A ABORDAGEM DE INSUMO PRODUTO;http://www.anpec.org.br/encontro/2014/submissao/files_I/i9-c01a222a1e941aec86b76a5cd4cf9967.pdf;DANIEL RIBEIRO DE OLIVEIRA;i9;Área 9 - Economia Industrial e da Tecnologia;doc144
DECOMPOSIÇÃO ESTRUTURAL DA VARIAÇÃO DO EMPREGO NOS SETORES INDUSTRIAIS NO BRASIL ENTRE OS ANOS DE 2000 E 2009: A TECNOLOGIA GERA DESEMPREGO?;http://www.anpec.org.br/encontro/2014/submissao/files_I/i9-477f19083854c2ce2c005aa50e83bade.pdf;CARINA DIANE NAKATANI MACEDO;i9;Área 9 - Economia Industrial e da Tecnologia;doc145
O IMPACTO DAS IMPORTAÇÕES CHINESAS NA INDÚSTRIA BRASILEIRA NOS ANOS 2000;http://www.anpec.org.br/encontro/2014/submissao/files_I/i9-acc8b9f95790afc4c7a1bd05c2df05a0.pdf;EDUARDO COELHO MAXNUCK SOARES;i9;Área 9 - Economia Industrial e da Tecnologia;doc146
A DYNAMIC METHOD TO IDENTIFY NEW FIELDS OF SCIENTIFIC RESEARCH: AN APPLICATION TO BIOENERGY;http://www.anpec.org.br/encontro/2014/submissao/files_I/i9-491438cc0167da6bf521e60d2150fe00.pdf;RONEY FRAGA SOUZA;i9;Área 9 - Economia Industrial e da Tecnologia;doc147
ESTRUTURA TECNOLÓGICA E MUDANÇAS CLIMÁTICAS NO BRASIL: UM ESTUDO EXPLORATÓRIO A PARTIR DE ESTATÍSTICAS DE PATENTES;http://www.anpec.org.br/encontro/2014/submissao/files_I/i9-e8feb030b698b29ea203b854a7210be5.pdf;PAULO HENRIQUE ASSIS FEITOSA;i9;Área 9 - Economia Industrial e da Tecnologia;doc148
POR QUE AS TARIFAS DE INTERCONEXÃO SÃO TÃO ALTAS? UM MODELO DE COMPETIÇÃO ENTRE TELEFONIA FIXA E MÓVEL;http://www.anpec.org.br/encontro/2014/submissao/files_I/i9-229ac5e3c33999149d6c476ca45a4813.docx;LUCAS FERREIRA MATOS LIMA;i9;Área 9 - Economia Industrial e da Tecnologia;doc149
AMENIDADES URBANAS E VALOR DAS RESIDÊNCIAS: UMA ANÁLISE EMPÍRICA PARA A CIDADE DO RECIFE;http://www.anpec.org.br/encontro/2014/submissao/files_I/i10-2647113f38437b0acedaaf0f31ea5636.pdf;DEBORAH M. S. SEABRA;i10;Área 10 - Economia Regional e Urbana;doc150
A SPATIAL ECONOMIC MODEL AND SPATIAL ECONOMETRIC ANALYSIS OF POPULATION DYNAMICS IN BRAZILIAN MCAS;http://www.anpec.org.br/encontro/2014/submissao/files_I/i10-3a7ea10e5dc4118ef6bf6283086b9bcf.docx;DIEGO FIRMINO COSTA DA SILVA;i10;Área 10 - Economia Regional e Urbana;doc151
DOES A LONGER COMMUTING TIME INCREASES THE PROBABILITY OF BEING VICTIM OF URBAN VIOLENCE? THE EVIDENCE FROM BRAZILIAN METROPOLITAN REGIONS;http://www.anpec.org.br/encontro/2014/submissao/files_I/i10-074e8237dd51ab8e5c53906e16a33591.pdf;KLEBSON HUMBERTO DE LUCENA MOURA;i10;Área 10 - Economia Regional e Urbana;doc152
CREATIVE CLASS, HUMAN CAPITAL AND URBAN DYNAMISM: EMPIRICAL EVIDENCE FOR THE BRAZILIAN CITIES;http://www.anpec.org.br/encontro/2014/submissao/files_I/i10-af14be88f49075862f316c401e816f21.pdf;FRANCISCO DE LIMA CAVALCANTI;i10;Área 10 - Economia Regional e Urbana;doc153
LOCAL DETERMINANTS OF INNOVATION AND SPATIAL DEPENDENCE - A SPATIAL TOBIT MODEL APPLIED TO BRAZILIAN MICRO-REGIONS;http://www.anpec.org.br/encontro/2014/submissao/files_I/i10-d6a749d9f4e45fdde9fe9154169899e6.docx;VENEZIANO DE CASTRO ARAUJO;i10;Área 10 - Economia Regional e Urbana;doc154
DISTRIBUIÇÃO ESPACIAL DOS EFEITOS DE AGLOMERAÇÃO SOBRE OS RETORNOS À EDUCAÇÃO NO BRASIL;http://www.anpec.org.br/encontro/2014/submissao/files_I/i10-f20ddc6da54ff2ed9a6182e47312a133.pdf;DIANA LÚCIA GONZAGA DA SILVA;i10;Área 10 - Economia Regional e Urbana;doc155
PHYSICAL AND HUMAN CAPITAL AND BRAZILIAN REGIONAL GROWTH: A SPATIAL ECONOMETRIC APPROACH FOR THE PERIOD 1970-2010;http://www.anpec.org.br/encontro/2014/submissao/files_I/i10-785c284023331fdcbba3ed40306039fd.pdf;RICARDO CARVALHO DE ANDRADE LIMA;i10;Área 10 - Economia Regional e Urbana;doc156
A INDÚSTRIA EXTRATIVA EM MINAS GERAIS: UM ESTUDO ESPACIAL ENDÓGENO DO EFEITO DE VIZINHANÇA NA CONCENTRAÇÃO AGLOMERATIVA;http://www.anpec.org.br/encontro/2014/submissao/files_I/i10-46973e45ae0a04fdbee9597acc2cfbbc.pdf;RAFAELLA STRADIOTTO VIGNANDI;i10;Área 10 - Economia Regional e Urbana;doc157
SPATIAL WILLINGNESS TO PAY FOR A FIRST ORDER STOCHASTIC REDUCTION ON THE RISK OF ROBBERY;http://www.anpec.org.br/encontro/2014/submissao/files_I/i10-48fca440daff16e656fd7350984c798a.pdf;DIEGO DE MARIA ANDRÉ;i10;Área 10 - Economia Regional e Urbana;doc158
RESTRIÇÃO SOBRE USO DO SOLO URBANO E VALOR DOS IMÓVEIS: UMA AVALIAÇÃO DO IMPACTO DA LEI DOS DOZE BAIRROS DA CIDADE DO RECIFE;http://www.anpec.org.br/encontro/2014/submissao/files_I/i10-679d53f634dd0837915be6afc0fcaa1b.docx;GISLEIA BENINI DUARTE;i10;Área 10 - Economia Regional e Urbana;doc159
DECOMPOSIÇÃO DA QUEDA NA DESIGUALDADE DE RENDA NO BRASIL: UMA ANÁLISE VIA MATRIZ DE CONTABILIDADE SOCIAL PARA OS ANOS DE 2004 E 2009;http://www.anpec.org.br/encontro/2014/submissao/files_I/i10-4a1e49699f617c66b49d6b39811b0efe.pdf;RAFAEL PEREZ MARCOS;i10;Área 10 - Economia Regional e Urbana;doc160
ANÁLSE DA POBREZA MULTIDIMENSIONAL NO BRASIL;http://www.anpec.org.br/encontro/2014/submissao/files_I/i10-20c7fd6a78f5834efce2b74bbef9eb5d.pdf;ANDRÉA FERREIRA DA SILVA;i10;Área 10 - Economia Regional e Urbana;doc161
"EFEITO DO PROGRAMA ""PACTO PELA REDUÇÃO DA MORTALIDADE INFANTIL"" NO NORDESTE E AMAZÔNIA LEGAL";http://www.anpec.org.br/encontro/2014/submissao/files_I/i10-7bc3ef8702d27db45f12be8845ea1b05.docx;FABIO NISHIMURA;i10;Área 10 - Economia Regional e Urbana;doc162
O IMPACTO DOS COMPONENTES DA INFRAESTRUTURA PÚBLICA SOBRE O CRESCIMENTO DAS CIDADES BRASILEIRAS: UMA ANÁLISE ESPACIAL DO PERÍODO DE 1970 A 2010.;http://www.anpec.org.br/encontro/2014/submissao/files_I/i10-1849a206b589f0eba22eefed2217d6a0.pdf;GRAZIELLA MAGALHÃES CANDIDO DE CASTRO;i10;Área 10 - Economia Regional e Urbana;doc163
AVALIAÇÃO DOS IMPACTOS ESPACIAIS DO SISTEMA VIÁRIO OESTE – BAHIA: UMA ABORDAGEM A PARTIR DA MODELAGEM DE EQUILÍBRIO GERAL COMPUTÁVEL;http://www.anpec.org.br/encontro/2014/submissao/files_I/i10-82319e3d658e69715f635e5d100a6143.docx;RODRIGO CALABRICH CAMPOS;i10;Área 10 - Economia Regional e Urbana;doc164
USO MISTO DO SOLO INTRAURBANO E O IMPACTO NA RENDA DO SOLO SOB UMA ABORDAGEM DA FIRMA: UMA ANÁLISE PARA A CIDADE DE SÃO PAULO;http://www.anpec.org.br/encontro/2014/submissao/files_I/i10-92b9078d4354df02e3ff4ff98b7bd2df.pdf;RODGER BARROS ANTUNES CAMPOS;i10;Área 10 - Economia Regional e Urbana;doc165
MOBILIDADE PENDULAR E HISTÓRICO DE MIGRAÇÃO: EVIDÊNCIAS PARA A REGIÃO METROPOLITANA DO RECIFE;http://www.anpec.org.br/encontro/2014/submissao/files_I/i10-999e32804b98880c56e06968b1bc839b.pdf;DANYELLA JULIANA MARTINS DE BRITO;i10;Área 10 - Economia Regional e Urbana;doc166
MOBILIDADE PENDULAR PARA TRABALHO E DIFERENCIAIS DE RENDIMENTOS NAS AGLOMERAÇÕES URBANAS BRASILEIRAS: UM ESTUDO A PARTIR DO CENSO 2010;http://www.anpec.org.br/encontro/2014/submissao/files_I/i10-4e4f47c09d01b65f2463137f035a904d.pdf;VERÔNICA DE CASTRO LAMEIRA;i10;Área 10 - Economia Regional e Urbana;doc167
DETERMINANTES DA MOBILIDADE INTERFIRMAS E INTER-REGIONAL DE TRABALHADORES NO BRASIL FORMAL;http://www.anpec.org.br/encontro/2014/submissao/files_I/i10-c0f97464966fa63fdc6916392e234330.pdf;PHILIPE SCHERRER MENDES;i10;Área 10 - Economia Regional e Urbana;doc168
MIGRAÇÃO E SELEÇÃO: EVIDÊNCIAS PARA PERNAMBUCO COM DADOS EM PAINEL;http://www.anpec.org.br/encontro/2014/submissao/files_I/i10-d8e6c9cf1c9b1960a06f4b47d061a0e3.pdf;CLÁUDIA CÉSAR BATISTA JULIÃO;i10;Área 10 - Economia Regional e Urbana;doc169
MOBILIDADE URBANA E MERCADO DE TRABALHO NA REGIÃO METROPOLITANA DO RIO DE JANEIRO;http://www.anpec.org.br/encontro/2014/submissao/files_I/i10-1dc14346dd67760748fefecaac00a05a.pdf;VITOR MIHESSEN;i10;Área 10 - Economia Regional e Urbana;doc170
A DINÂMICA DA CONCENTRAÇÃO DO EMPREGO INDUSTRIAL NO BRASIL (1991-2011) E O CICLO DE VIDA DAS EMPRESAS;http://www.anpec.org.br/encontro/2014/submissao/files_I/i10-2971934dbe3a5cf83aacac0d08fc02aa.pdf;ADRIANO BORGES COSTA;i10;Área 10 - Economia Regional e Urbana;doc171
PRICE VOLATILITY TRANSMISSION FROM OIL TO ENERGY AND NON-ENERGY AGRICULTURAL COMMODITIES;http://www.anpec.org.br/encontro/2014/submissao/files_I/i11-325caa9b50c14eac9f21482be6ea0574.pdf;LEONARDO CHAVES BORGES CARDOSO;i11;Área 11 - Economia Agrícola e do Meio Ambiente;doc172
SEGURANÇA DO ALIMENTO E A DEMANDA POR CARNES NO BRASIL;http://www.anpec.org.br/encontro/2014/submissao/files_I/i11-a6c5b704bcc19603bee345259b716860.docx;MOISES DE ANDRADE RESENDE FILHO;i11;Área 11 - Economia Agrícola e do Meio Ambiente;doc173
IMPACTOS ECONÔMICOS E DE USO DO SOLO DE UMA POLÍTICA DE CONTROLE DE DESMATAMENTO NA AMAZÔNIA LEGAL BRASILEIRA;http://www.anpec.org.br/encontro/2014/submissao/files_I/i11-43c40e912d5a429db609e99a2b8ca9d4.pdf;TERCIANE SABADINI CARVALHO;i11;Área 11 - Economia Agrícola e do Meio Ambiente;doc174
IMPACTOS DE UMA POLÍTICA DE TAXAÇÃO DE EMISSÕES SOBRE DIFERENTES NÍVEIS DE RENDA DA ECONOMIA BRASILEIRA;http://www.anpec.org.br/encontro/2014/submissao/files_I/i11-25fc953b76932e297817c0ca6be901bf.pdf;LUCIO FLAVIO DA SILVA FREITAS;i11;Área 11 - Economia Agrícola e do Meio Ambiente;doc175
ESTUDO DOS ASPECTOS COMPORTAMENTAIS QUE INFLUENCIAM NA DECISÃO DE VENDA POR CONTRATOS ENTRE OS PRODUTORES DE MANGA DO PÓLO PETROLINA-JUAZEIRO;http://www.anpec.org.br/encontro/2014/submissao/files_I/i11-7645c3345622bd578f9857a092a7b107.pdf;EMANOEL DE SOUZA BARROS;i11;Área 11 - Economia Agrícola e do Meio Ambiente;doc176
DISCUSSÃO SOBRE A METODOLOGIA DE DISTRIBUIÇÃO DOS ROYALTIES RECEBIDOS PELOS MUNICÍPIOS AFETADOS PELA CONSTRUÇÃO DE USINAS HIDRELÉTRICAS: O CASO DA UHE ITAPEBI;http://www.anpec.org.br/encontro/2014/submissao/files_I/i11-7e7664ebfedbfbe83bc897b57383f467.pdf;GIL BRACARENSE LEITE;i11;Área 11 - Economia Agrícola e do Meio Ambiente;doc177
DEFORESTATION AND INFANT HEALTH: EVIDENCE FROM AN ENVIRONMENTAL CONSERVATION POLICY IN BRAZIL;http://www.anpec.org.br/encontro/2014/submissao/files_I/i11-2c9e3df7bcc0b3e87cce83b51a40f54d.pdf;BLADIMIR CARRILLO BERMUDEZ;i11;Área 11 - Economia Agrícola e do Meio Ambiente;doc178
ACCIDENTAL FIRES AND LAND USE IN THE BRAZILIAN AMAZON: EVIDENCES FROM FARM-LEVEL DATA;http://www.anpec.org.br/encontro/2014/submissao/files_I/i11-766424c87a5feff819f51eab510730c7.docx;THIAGO FONSECA MORELLO RAMALHO DA SILVA;i11;Área 11 - Economia Agrícola e do Meio Ambiente;doc179
INTERNATIONAL TRADE AND EMISSIONS: A MIYAZAWA APPROACH;http://www.anpec.org.br/encontro/2014/submissao/files_I/i11-065af48e72926b313e434d6ee6142fad.pdf;VINICIUS DE ALMEIDA VALE;i11;Área 11 - Economia Agrícola e do Meio Ambiente;doc180
INFLUÊNCIA DA LOCALIZAÇÃO DE ATIVOS AMBIENTAIS NOS GASTOS COM RECREAÇÃO DAS FAMÍLIAS NA CIDADE DO RECIFE;http://www.anpec.org.br/encontro/2014/submissao/files_I/i11-c5fba6c80dd5ada5a93a35a1d68dbbe3.pdf;GUILHERME NUNES MARTINS;i11;Área 11 - Economia Agrícola e do Meio Ambiente;doc181
HOW TO INDIRECTLY MEASURE MARKET TRANSACTION COSTS;http://www.anpec.org.br/encontro/2014/submissao/files_I/i11-6e774ec0545048d54ec46d2301b93115.pdf;FELIPPE CAUÊ SERIGATI;i11;Área 11 - Economia Agrícola e do Meio Ambiente;doc182
ANÁLISES QUASE-EXPERIMENTAIS SOBRE O IMPACTO DAS COOPERATIVAS DE CRÉDITO RURAL SOLIDÁRIO NO PIB MUNICIPAL DA AGROPECUÁRIA;http://www.anpec.org.br/encontro/2014/submissao/files_I/i11-21dedcd08e65dfa94c97a748b646da7c.docx;AMANDA MASSANEIRA DE SOUZA SCHUNTZEMBERGER;i11;Área 11 - Economia Agrícola e do Meio Ambiente;doc183
POLÍTICAS PÚBLICAS E A DEMANDA ENERGÉTICA POR COMBUSTÍVEIS LEVES NO BRASIL, 2003 A 2013 ;http://www.anpec.org.br/encontro/2014/submissao/files_I/i11-93e8dcf6c16c921f75fceff1ec68f86a.pdf;LUCIANO RODRIGUES;i11;Área 11 - Economia Agrícola e do Meio Ambiente;doc184
CLIMATE CHANGE POLICY IN BRAZIL AND MEXICO: HOW SIMILAR ARE THE IMPACTS AND SOLUTIONS?;http://www.anpec.org.br/encontro/2014/submissao/files_I/i11-059006e6b11cf5ef1458361063408186.pdf;ANGELO COSTA GURGEL;i11;Área 11 - Economia Agrícola e do Meio Ambiente;doc185
AUMENTO DA EFICIÊNCIA ENERGÉTICA NO BRASIL: UMA ALTERNATIVA PARA UMA ECONOMIA DE BAIXO CARBONO? ;http://www.anpec.org.br/encontro/2014/submissao/files_I/i11-299eb7d518ad4cdd4f63c33b29345c9a.pdf;ALINE SOUZA MAGALHÃES;i11;Área 11 - Economia Agrícola e do Meio Ambiente;doc186
CICLOS ECONÔMICOS E EMISSÃO DE CO2 NO BRASIL: UMA ANÁLISE DINÂMICA PARA POLÍTICAS AMBIENTAIS ÓTIMAS;http://www.anpec.org.br/encontro/2014/submissao/files_I/i11-19401941ae5463d51d1526802c5b10d4.pdf;RICARDO AGUIRRE LEAL;i11;Área 11 - Economia Agrícola e do Meio Ambiente;doc187
O EFEITO DO PADRÃO DE COMBUSTÍVEIS RENOVÁVEIS NORTE-AMERICANO SOBRE O USO DA TERRA NO BRASIL: UMA ANÁLISE À LUZ DE UM MODELO COMPUTÁVEL DE EQUILÍBRIO GERAL;http://www.anpec.org.br/encontro/2014/submissao/files_I/i11-9381169840d48e3dc3fd991061b5c6ae.pdf;ANDRE CHANG FRANCA;i11;Área 11 - Economia Agrícola e do Meio Ambiente;doc188
FIELDS OF STUDY AND THE EARNINGS GAP BY RACE IN BRAZIL;http://www.anpec.org.br/encontro/2014/submissao/files_I/i12-cecdea29e9ef297a802d5b52be55aadf.docx;MAURICIO CORTEZ REIS;i12;Área 12 - Economia Social e Demografia Econômica;doc189
THE HEALTH INFLUENCE ON RETURNS TO EDUCATION IN BRAZIL: A NONLINEAR APPROACH;http://www.anpec.org.br/encontro/2014/submissao/files_I/i12-ee4fb581ef49f6e61e2c31a378ef5741.pdf;LETÍCIA XANDER RUSSO;i12;Área 12 - Economia Social e Demografia Econômica;doc190
ANALISANDO AS RELAÇÕES ENTRE AS MULTIDIMENSÕES DA POBREZA: UMA PALICAÇÃO DA TÉCNICA DE COPULA E DO MODELO PVAR;http://www.anpec.org.br/encontro/2014/submissao/files_I/i12-3789df52fe330655671752077e515679.docx;RODOLFO FERREIRA RIBEIRO DA COSTA;i12;Área 12 - Economia Social e Demografia Econômica;doc191
FELICIDADE NOS PAISES EX-SOCIALISTAS: UMA ABORDAGEM INTERGERACIONAL PELO MÉTODO DE PSEUDOPAINEL;http://www.anpec.org.br/encontro/2014/submissao/files_I/i12-7cdb8e09b25663206795eed3bc9db964.docx;JOÃO HENRIQUE CHAER DIB NETTO;i12;Área 12 - Economia Social e Demografia Econômica;doc192
 'MOMMY, I MISS DADDY'. THE EFFECT OF FAMILY STRUCTURE ON CHILDREN'S HEALTH IN BRAZIL;http://www.anpec.org.br/encontro/2014/submissao/files_I/i12-cc1b93662398b144a736bb526dd71ff5.pdf;NATALIA NUNES FERREIRA BATISTA;i12;Área 12 - Economia Social e Demografia Econômica;doc193
EFEITO DA MUDANÇA DEMOGRÁFICA SOBRE A TAXA DE HOMICÍDIOS NO BRASIL;http://www.anpec.org.br/encontro/2014/submissao/files_I/i12-d465b1ded0de6680d8d4757b76684a9d.docx;DANIEL RICARDO DE CASTRO CERQUEIRA;i12;Área 12 - Economia Social e Demografia Econômica;doc194
ENSINO PROFISSIONALIZANTE, DESEMPENHO ESCOLAR E INSERÇÃO PRODUTIVA: UMA ANÁLISE COM DADOS DO ENEM;http://www.anpec.org.br/encontro/2014/submissao/files_I/i12-ac3a8f487db438fc6278e117ab468a01.pdf;ANTÔNIO JOSÉ NEGREIROS;i12;Área 12 - Economia Social e Demografia Econômica;doc195
ECONOMIA DO DIABETES MELLITUS: TEORIA E EVIDÊNCIAS PARA O BRASIL – 2008;http://www.anpec.org.br/encontro/2014/submissao/files_I/i12-9bb2c0278d19960fa76905ccc2e5f1ce.pdf;RAMON WIEST;i12;Área 12 - Economia Social e Demografia Econômica;doc196
INCOME AND REPEAT CRIMINAL VICTIMIZATION IN BRAZIL;http://www.anpec.org.br/encontro/2014/submissao/files_I/i12-967168f1c1bc02480e2a256adddcd66b.pdf;MARCELO JUSTUS DOS SANTOS;i12;Área 12 - Economia Social e Demografia Econômica;doc197
EFEITOS DA EXPOSIÇÃO AOS FATORES DE RISCO COMPORTAMENTAIS À SAÚDE SOBRE O ATRASO ESCOLAR NO BRASIL;http://www.anpec.org.br/encontro/2014/submissao/files_I/i12-d263bd35f394fa7517a9ffe40a9b0349.pdf;ALÉSSIO TONY CAVALCANTI DE ALMEIDA;i12;Área 12 - Economia Social e Demografia Econômica;doc198
CAPITAL HUMANO E DESIGUALDADE SALARIAL NO BRASIL: UMA ANÁLISE DE DECOMPOSIÇÃO PARA O PERÍODO 2001-2012;http://www.anpec.org.br/encontro/2014/submissao/files_I/i12-80e67cc07ae9869055f494177c39e2f6.docx;VITOR HUGO MIRO COUTO SILVA;i12;Área 12 - Economia Social e Demografia Econômica;doc199
DINÂMICA DA POBREZA NAS ÁREAS METROPOLITANAS BRASILEIRAS: UMA ANÁLISE SEGUNDO A CATEGORIZAÇÃO DE HULME E SHEPHERD (2002 A 2012);http://www.anpec.org.br/encontro/2014/submissao/files_I/i12-7b05ce7195f7da2ec79e586cde798c1a.pdf;SOLANGE LEDI GONÇALVES;i12;Área 12 - Economia Social e Demografia Econômica;doc200
GROWTH AND SHARED PROSPERITY IN BRAZIL;http://www.anpec.org.br/encontro/2014/submissao/files_I/i12-e54e711753a63e8ce47ab4deab7c6c13.pdf;FABIO MONTEIRO VAZ;i12;Área 12 - Economia Social e Demografia Econômica;doc201
FECUNDIDADE, INVESTIMENTO EM CAPITAL HUMANO E REALOCAÇÃO DE CONSUMO INTRAFAMILIAR;http://www.anpec.org.br/encontro/2014/submissao/files_I/i12-896a64e4e78a46ab23806cc596cdec3e.pdf;GABRIELA FREITAS DA CRUZ;i12;Área 12 - Economia Social e Demografia Econômica;doc202
OS EFEITOS DA CRIAÇÃO DA LEI DA MEIA ENTRADA SOBRE O CONSUMO DE BENS E SERVIÇOS CULTURAIS NO BRASIL;http://www.anpec.org.br/encontro/2014/submissao/files_I/i12-8ae57ef27bbc810e81726558c725f96b.pdf;MARCOS VINICIO WINK JUNIOR;i12;Área 12 - Economia Social e Demografia Econômica;doc203
IMPACTOS DA CRECHE NA PRIMEIRA INFÂNCIA: EFEITOS DEPENDENDO DAS CARACTERÍSTICAS DA FAMÍLIA E DO GRAU DE EXPOSIÇÃO AO CENTRO DE CUIDADO;http://www.anpec.org.br/encontro/2014/submissao/files_I/i12-29efc0c5e14e28d3b3096e45ef2ad593.pdf;ESMERALDA CORREA MACANA;i12;Área 12 - Economia Social e Demografia Econômica;doc204
IMPACTS OF SCHOOL MANAGEMENT ON EDUCATIONAL DEVELOPMENT: A LONGITUDINAL ANALYSIS FROM THE TEACHER’S PERSPECTIVE;http://www.anpec.org.br/encontro/2014/submissao/files_I/i12-38f0bce5d7a7feb0e96e5455e4eaaab4.pdf;LARISSA DA SILVA MARIONI;i12;Área 12 - Economia Social e Demografia Econômica;doc205
MEASURING INEQUALITY OF OPPORTUNITY IN EDUCATION BY COMBINING INFORMATION ON COVERAGE AND ACHIEVEMENT IN PISA ;http://www.anpec.org.br/encontro/2014/submissao/files_I/i12-690d921397dbb64b9b01a78fbc9f73a9.pdf;FABIO WALTENBERG;i12;Área 12 - Economia Social e Demografia Econômica;doc206
THE IMPACTS OF CHANGING FAMILY STRUCTURE ON INCOME, INEQUALITY AND POVERTY;http://www.anpec.org.br/encontro/2014/submissao/files_I/i12-74a2ba1698e2891372bd2298f8c2a9fd.pdf;ALEXANDRE GORI MAIA;i12;Área 12 - Economia Social e Demografia Econômica;doc207
INFLUÊNCIA PATERNA NA ALFABETIZAÇÃO;http://www.anpec.org.br/encontro/2014/submissao/files_I/i12-9884a73d9c75785ccbf91f6e2fb7ecba.pdf;LUCAS LIMA;i12;Área 12 - Economia Social e Demografia Econômica;doc208
A RELAÇÃO ENTRE HABILIDADES NÃO-COGNITIVAS E DESEMPENHO ESCOLAR;http://www.anpec.org.br/encontro/2014/submissao/files_I/i12-4a05d2074e6df8010d9790d848c22489.docx;MICHELA BARRETO CAMBOIM GONÇALVES;i12;Área 12 - Economia Social e Demografia Econômica;doc209
DEPENDÊNCIA E/OU ASSISTÊNCIA? QUAL IMPACTO DO RENDA MÍNIMA SOBRE AS FAMÍLIAS BENEFICIÁRIAS NO MUNICÍPIO DE SÃO PAULO.;http://www.anpec.org.br/encontro/2014/submissao/files_I/i12-62d9ba29798b720edc465f3a35e7ec20.pdf;ELDER GENEROZO SANT'ANNA;i12;Área 12 - Economia Social e Demografia Econômica;doc210
DESIGUALDADE DE OPORTUNIDADES NA FORMAÇÃO DE HABILIDADES E O PAPEL DAS ESCOLAS PÚBLICAS;http://www.anpec.org.br/encontro/2014/submissao/files_I/i12-1181f51299bcbf3feb8716a8ba806267.pdf;IGOR VIEIRA PROCÓPIO;i12;Área 12 - Economia Social e Demografia Econômica;doc211
EVOLUÇÃO DOS PADRÕES DE CONSUMO NO BRASIL ENTRE 2003 E 2008: UMA ANÁLISE MULTIVARIADA DAS CLASSES SOCIOECONÔMICAS BRASILEIRAS;http://www.anpec.org.br/encontro/2014/submissao/files_I/i12-06c5868f86a6383623e15a9419af0db5.pdf;THIAGO MENDES ROSA;i12;Área 12 - Economia Social e Demografia Econômica;doc212
LEI ANTIFUMO NO BRASIL: IMPACTOS DO BANIMENTO DO FUMO EM AMBIENTES COLETIVOS SOBRE A OCORRÊNCIA DE INTERNAÇÕES HOSPITALARES;http://www.anpec.org.br/encontro/2014/submissao/files_I/i12-a7580ce65c0d79ad3418d80a1c5513d0.pdf;ISABELA BRANDÃO FURTADO;i12;Área 12 - Economia Social e Demografia Econômica;doc213
DETERMINANTES DA REDUÇÃO DA INFORMALIDADE DO EMPREGO NO BRASIL ENTRE 2002 E 2012: CARACTERÍSTICAS SOCIOECONÔMICAS, SETORIAIS E INSTITUCIONAIS;http://www.anpec.org.br/encontro/2014/submissao/files_I/i13-d8c2cc218f023322857ee624102cbb45.pdf;FERNANDO DE HOLANDA BARBOSA FILHO;i13;Área 13 - Economia do Trabalho;doc214
LABOR MARKET EQUILIBRIUM EFFECTS OF CASH TRANSFERS - EVIDENCE FROM A STRUCTURAL MODEL AND A RANDOMIZED EXPERIMENT;http://www.anpec.org.br/encontro/2014/submissao/files_I/i13-cd41ccb0047d931eb836f774a89719ce.pdf;MICHAEL CHRISTIAN LEHMANN;i13;Área 13 - Economia do Trabalho;doc215
EFEITOS SALARIAIS DA IMIGRAÇÃO NO BRASIL: UMA SIMULAÇÃO;http://www.anpec.org.br/encontro/2014/submissao/files_I/i13-54b026d84afa8fdce29a15256515c812.pdf;FLÁVIO A. DE STÉFANI MACHADO;i13;Área 13 - Economia do Trabalho;doc216
AS CONDIÇÕES DE SAÚDE LIMITAM A OFERTA DE MÃO-DE-OBRA? UMA ABORDAGEM QUANTÍLICA ROBUSTA;http://www.anpec.org.br/encontro/2014/submissao/files_I/i13-f58488c8a3d66fc6253a5c9c2a164017.pdf;VICTOR RODRIGUES DE OLIVEIRA;i13;Área 13 - Economia do Trabalho;doc217
INFORMALIDADE, DESIGUALDADE E PAGAMENTO POR PERFORMANCE NO BRASIL ;http://www.anpec.org.br/encontro/2014/submissao/files_I/i13-835575fcd06f77f3597362c0af9583ef.pdf;ANA ABRAS;i13;Área 13 - Economia do Trabalho;doc218
STRIKE DURATION AFTER COLLECTIVE BARGAINING LEGISLATION CHANGES: A REAPPRAISAL OF THE 1988 BRAZILIAN NEW FEDERAL CONSTITUTION WITH BETTER MICRO DATA;http://www.anpec.org.br/encontro/2014/submissao/files_I/i13-e288c4cafeb0ecd97b9ce88005814651.pdf;ARICIERI DEVIDÉ JÚNIOR;i13;Área 13 - Economia do Trabalho;doc219
TRABALHO INFANTIL: IMPACTO DO PROGRAMA BOLSA FAMÍLIA;http://www.anpec.org.br/encontro/2014/submissao/files_I/i13-666468192b8ad8d3f51f59a1414b9eae.pdf;ADRIANA ROSA DO NASCIMENTO;i13;Área 13 - Economia do Trabalho;doc220
TRABALHAR E/OU CONTINUAR ESTUDANDO? AS DECISÕES DOS JOVENS QUE SE MATRICULAM NO ÚLTIMO ANO DO ENSINO MÉDIO – UMA ANÁLISE A PARTIR DA PME;http://www.anpec.org.br/encontro/2014/submissao/files_I/i13-72469b7c7c97ffdc781f5e2b2353cb3c.pdf;ARTHUR JOSÉ MORALES ESCOLANO;i13;Área 13 - Economia do Trabalho;doc221
CRESCIMENTO DA RENDA E AS ESCOLHAS DOS JOVENS ENTRE OS ESTUDOS E O MERCADO DE TRABALHO;http://www.anpec.org.br/encontro/2014/submissao/files_I/i13-ba9afad4eceb6713f8315ba553c3370a.pdf;PEDRO HENRIQUE FONSECA CABANAS;i13;Área 13 - Economia do Trabalho;doc222
IMPACTO DA ORIENTAÇÃO SEXUAL SOBRE O RENDIMENTO DO TRABALHO;http://www.anpec.org.br/encontro/2014/submissao/files_I/i13-1e7b0686a6eb23ec1e055a6a834b7e79.pdf;PRISCILA CASARI;i13;Área 13 - Economia do Trabalho;doc223
IMPACTS OF MALNUTRITION ON LABOR PRODUCTIVITY: EMPIRICAL EVIDENCES IN RURAL BRAZIL ;http://www.anpec.org.br/encontro/2014/submissao/files_I/i13-5911dbbfb87ed6a99f1f990c6759bd50.pdf;GUARACYANE LIMA CAMPELO;i13;Área 13 - Economia do Trabalho;doc224
ANÁLISE DO IMPACTO DA EXPERIÊNCIA OCUPACIONAL SOBRE AS CHANCES DE ADMISSÃO DOS JOVENS BRASILEIROS;http://www.anpec.org.br/encontro/2014/submissao/files_I/i13-3ba921da39210abae033b753e9e957a5.docx;THIAGO LIMOEIRO RICARTE;i13;Área 13 - Economia do Trabalho;doc225
IMPACTOS REGIONAIS DO PROGRAMA BOLSA FAMÍLIA: UMA ANÁLISE SOBRE O MERCADO DE TRABALHO DAS FAMÍLIAS POBRES;http://www.anpec.org.br/encontro/2014/submissao/files_I/i13-dc0aad69d0a6580ef400e1ea2c1accc7.pdf;EDWARD MARTINS COSTA;i13;Área 13 - Economia do Trabalho;doc226
DIFERENCIAIS COMPENSATÓRIOS DE SALÁRIO POR RISCO NA SEGURANÇA PÚBLICA E PRIVADA NO BRASIL;http://www.anpec.org.br/encontro/2014/submissao/files_I/i13-b26edada1af9f51650dad30913bd9a0c.pdf;RAFAEL MESQUITA PEREIRA;i13;Área 13 - Economia do Trabalho;doc227
DOES MONEY MOVE TEACHERS?;http://www.anpec.org.br/encontro/2014/submissao/files_I/i13-960dc15a99e456ba0b12c46fe55707ae.pdf;GERALDO ANDRADE DA SILVA FILHO;i13;Área 13 - Economia do Trabalho;doc228
MARX: CAPITAL, ESTADO E POLÍTICA - NOTAS;http://www.anpec.org.br/encontro/2014/submissao/files_I/i2-0d7f5c9f271cdddc76bc48113fbe7a66.doc;PAULO HENRIQUE FURTADO DE ARAUJO;i2;Área 2 - Economia Política;doc229
HILFERDING E O NEXO IMPERIALISTA ENTRE CAPITAL FINANCEIRO E EXPORTAÇÃO DE CAPITAL;http://www.anpec.org.br/encontro/2014/submissao/files_I/i2-81fa8390adf3e2f9d98c9a56f913bdd7.doc;FÁBIO ANTONIO DE CAMPOS - MAURÍCIO DE SOUZA SABADINI;i2;Área 2 - Economia Política;doc230
VALORES E PRECIOS: UNA APLICACIÓN DE LA TEORÍA DEL VALOR TRABAJO A ECONOMÍA DE LOS ESTADOS UNIDOS DE LA AMÉRICA;http://www.anpec.org.br/encontro/2014/submissao/files_I/i2-3af38fc4c2c131c52842539a5b45281c.doc;EVERLAM ELIAS MONTIBELER - LUIS ENRIQUE CASAIS PADILLA;i2;Área 2 - Economia Política;doc231
THE GROWTH REGIMES CONSISTENT WITH A STRUCTURAL ECONOMIC DYNAMIC APPROACH TO THE NEO-KALECKIAN MODEL;http://www.anpec.org.br/encontro/2014/submissao/files_I/i6-07473218a5402dac31a318904b9168c4.doc;JOANILIO RODOLPHO TEIXEIRA - RICARDO AZEVEDO ARAUJO;i6;Área 6 - Crescimento, Desenvolvimento Econômico e Instituições;doc232
INDUSTRIALIZAÇÃO, INTERNACIONALIZAÇÃO E DESINDUSTRIALIZAÇÃO: O PAPEL DAS EMPRESAS ESTRANGEIRAS NA TRAJETÓRIA ERRANTE DA ECONOMIA BRASILEIRA;http://www.anpec.org.br/encontro/2014/submissao/files_I/i6-5b4ffa78d0610017caa9bd4463879f98.doc;ADRIANO JOSÉ PEREIRA;i6;Área 6 - Crescimento, Desenvolvimento Econômico e Instituições;doc233
THE MULTI-SECTORAL THIRLWALL’S LAW: EVIDENCE FROM 14 DEVELOPED EUROPEAN COUNTRIES USING PRODUCT-LEVEL DATA;http://www.anpec.org.br/encontro/2014/submissao/files_I/i6-c19bb75db0c42700c6363293d3cc5b21.doc;JOÃO P. ROMERO - JOHN. S. L. MCCOMBIE;i6;Área 6 - Crescimento, Desenvolvimento Econômico e Instituições;doc234
COMÉRCIO DE PRODUTOS TECNOLÓGICOS E TRANSFERÊNCIA INTERNACIONAL DE TECNOLOGIA: ANÁLISE EXPLORATÓRIA DO CASO BRASILEIRO NAS DÉCADAS DE 1990 E 2010;http://www.anpec.org.br/encontro/2014/submissao/files_I/i9-21faffbad943ec9a909b07c5f3b15e0f.doc;TULIO CHIARINI - ANA LUCIA GONÇALVES DA SILVA;i9;Área 9 - Economia Industrial e da Tecnologia;doc235
DINÂMICA REGIONAL, HIERARQUIA URBANA E DESLOCAMENTOS POPULACIONAIS: TENDÊNCIAS RECENTES PARA A ECONOMIA BRASILEIRA (1980-2010);http://www.anpec.org.br/encontro/2014/submissao/files_I/i10-48bb366a6ebb9d171a91e564cadcb589.doc;ANA CAROLINA DA CRUZ LIMA - RODRIGO SIMÕES - ANA MARIA HERMETO;i10;Área 10 - Economia Regional e Urbana;doc236
DESIGUALDADE URBANA E INTERAÇÕES ESPACIAIS NOS PREÇOS DE IMÓVEIS NA CIDADE DE SALVADOR;http://www.anpec.org.br/encontro/2014/submissao/files_I/i10-4049f55dfe96b58cdd8474a17ec808e5.doc;DANIELA LIMA RAMOS - GERVÁSIO FERREIRA DOS SANTOS - MIGUEL RIVERA CASTRO;i10;Área 10 - Economia Regional e Urbana;doc237
TAMANHO DO ESTABELECIMENTO E EFICIÊNCIA TÉCNICA NA AGROPECUÁRIA BRASILEIRA;http://www.anpec.org.br/encontro/2014/submissao/files_I/i11-03a53d516c7cee3356883f357ff9a478.doc;CARLOS OTÁVIO DE FREITAS - ERLY CARDOSO TEIXEIRA - MARCELO JOSÉ BRAGA;i11;Área 11 - Economia Agrícola e do Meio Ambiente;doc238
DETERMINANTES SOCIOECONÔMICOS DA CONFIANÇA DOS ALUNOS DE ENSINO MÉDIO EM SEU DE DESEMPENHO ESCOLAR FUTURO;http://www.anpec.org.br/encontro/2014/submissao/files_I/i12-fb02aa12578c481dd0f73a8cba0f3cda.doc;KLEBER DA SILVA CAJAIBA - CRISTIANO MACHADO COSTA;i12;Área 12 - Economia Social e Demografia Econômica;doc239
IMPACTO DA SUBNUTRIÇÃO E DOS ASPECTOS SOCIOEMOCIONAIS SOBRE A DEFASAGEM IDADE-SÉRIE;http://www.anpec.org.br/encontro/2014/submissao/files_I/i12-f00313dd65d663b58d86313a3b79bb7e.doc;SÓNIA MARIA FONSECA PEREIRA OLIVEIRA GOMES - MICHELA BARRETO CAMBOIM GONÇALVES - ISABEL PESSOA DE ARRUDA RAPOSO;i12;Área 12 - Economia Social e Demografia Econômica;doc240
