título_2016;links_2016;autores_e_universidades_2016;code_area;area
A EVOLUÇÃO DO INSTITUCIONALISMO VEBLENIANO;https://www.anpec.org.br/encontro/2016/submissao/files_I/i1-6aa3163dde016f1176aa975fc4954f70.pdf;    FELIPE ALMEIDA (UFPR) - RICARDO BÖCK (UFPR);i1;Área 1 - História do Pensamento Econômico e Metodologia
A HISTORY OF THE FOUNDATION AND THE EARLY YEARS OF THE ASSOCIATION FOR EVOLUTIONARY ECONOMICS;https://www.anpec.org.br/encontro/2016/submissao/files_I/i1-961357e207393d89e0cfe22a9d91ae80.pdf;    MARCO ANTONIO RIBAS CAVALIERI (UFPR) - JOSÉ FELIPE ARAÚJO DE ALMEIDA (UFPR);i1;Área 1 - História do Pensamento Econômico e Metodologia
ELEMENTOS INSTITUCIONAIS DA FORMAÇÃO DE CONSENSOS: O CASO DOS MICROFUNDAMENTOS DA MACROECONOMIA;https://www.anpec.org.br/encontro/2016/submissao/files_I/i1-2aa4726de1ef1f47f5870c7c08b986aa.docx;    CELSO PEREIRA NERIS JUNIOR (UNICAMP/IE);i1;Área 1 - História do Pensamento Econômico e Metodologia
H. S. FOXWELL: ECONOMISTA HETERODOXO DE CAMBRIDGE;https://www.anpec.org.br/encontro/2016/submissao/files_I/i1-fbb24aa7969ec5e23ed65a345110e7a8.pdf;    ROGÉRIO ARTHMAR (UFES);i1;Área 1 - História do Pensamento Econômico e Metodologia
J.S.MILL E A ‘QUESTÃO DA TERRA’ NA IRLANDA: UMA ILUSTRAÇÃO DE SUA VISÃO SOBRE INSTITUIÇÕES SOCIAIS;https://www.anpec.org.br/encontro/2016/submissao/files_I/i1-3d85d53ec5364dff55618eef292e9e14.docx;    LAURA VALLADÃO DE MATTOS (USP/FEA);i1;Área 1 - História do Pensamento Econômico e Metodologia
MANUFACTURING PLURALISM IN BRAZILIAN ECONOMICS: THE ROLE OF ANPEC AS INSTITUTIONAL MEDIATOR AND STABILIZER;https://www.anpec.org.br/encontro/2016/submissao/files_I/i1-424f2f0260f894e0f0ade26c6e3de7b0.docx;    RAMÓN GARCÍA FERNÁNDEZ (UFABC) - CARLOS EDUARDO SUPRINYAK (UFMG/CEDEPLAR);i1;Área 1 - História do Pensamento Econômico e Metodologia
PERFORMATIVIDADE DA CIÊNCIA ECONÔMICA: ESCLARECENDO OS TERMOS E ESTABELECENDO PONTES;https://www.anpec.org.br/encontro/2016/submissao/files_I/i1-851ae7f9e68a1c9a1131391446e89123.pdf;    JOSÉ RICARDO FUCIDJI (UNESP) - RAFAEL GALVÃO ALMEIDA (CEDEPLAR/UFMG) - CELSO NERIS JR. (IE/UNICAMP);i1;Área 1 - História do Pensamento Econômico e Metodologia
PRODUÇÃO CIENTÍFICA E REDES DE COLABORAÇÃO DOS DOCENTES VINCULADOS AOS PROGRAMAS DE PÓS-GRADUAÇÃO EM ECONOMIA NO BRASIL;https://www.anpec.org.br/encontro/2016/submissao/files_I/i1-e7cc6c48b0b68188238fc5c05ce4e42c.pdf;    OTÁVIO J. G. SIDONE (USP/IPE) - EDUARDO A. HADDAD (IPE/USP) - JESÚS P. MENA-CHALCO (UFABC);i1;Área 1 - História do Pensamento Econômico e Metodologia
REPRESENTATIVE AGENT, RATIONAL EXPECTATIONS, AND GENERAL EQUILIBRIUM THEORY IN LUCAS’S THEORETICAL FRAMEWORK: SOME CONSIDERATIONS;https://www.anpec.org.br/encontro/2016/submissao/files_I/i1-6791936269cac1553963c27ed7f31a98.pdf;    HUGO CHU CHUN WEI (USP);i1;Área 1 - História do Pensamento Econômico e Metodologia
REVERSE INFLUENCES IN KEYNES’S MODE OF THOUGHT: A DISCOURSE ANALYSIS OF THE KEYNES-HAYEK DEBATE;https://www.anpec.org.br/encontro/2016/submissao/files_I/i1-21de334342ae33a023c886605faef3c8.docx;    DANIELLE GUIZZO (UFPR) - IARA VIGO DE LIMA (UFPR);i1;Área 1 - História do Pensamento Econômico e Metodologia
TRANSFORMANDO O ABSTRATO EM CONCRETO: AS RAÍZES HISTÓRICAS DA MODELAGEM ECONÔMICA;https://www.anpec.org.br/encontro/2016/submissao/files_I/i1-e5ae6f4dcf6ab32ef4a6a604e1d8133c.pdf;    ARTHUR BRACKMANN NETTO (UFRGS);i1;Área 1 - História do Pensamento Econômico e Metodologia
DESTRINCHANDO A RELEVÂNCIA DA CATEGORIA VALOR DE USO NA TEORIA MARXIANA;https://www.anpec.org.br/encontro/2016/submissao/files_I/i2-7cd0c6911f4c8fd4e4013fb9e83e1f50.pdf;    LUCAS DI CANDIA RAMUNDO (UFF);i2;Área 2 - Economia Política
EMPLOYEE PROFIT SHARING AND LABOR EXTRACTION IN A CLASSICAL MODEL OF DISTRIBUTION AND GROWTH;https://www.anpec.org.br/encontro/2016/submissao/files_I/i2-af32968f30d0bc4914cfe81833fe5590.pdf;    JAYLSON JAIR DA SILVEIRA (UFSC) - GILBERTO TADEU LIMA (FEA-USP);i2;Área 2 - Economia Política
MERCADO MUNDIAL: PONTO DE PARTIDA E DE CHEGADA DO LIVRO I DE O CAPITAL;https://www.anpec.org.br/encontro/2016/submissao/files_I/i2-5adf05757b7974585c52ed5d046bd39c.pdf;    LEONARDO DE MAGALHÃES LEITE (UFF);i2;Área 2 - Economia Política
OS DERIVATIVOS NA LITERATURA MARXISTA: UMA CRÍTICA;https://www.anpec.org.br/encontro/2016/submissao/files_I/i2-4e6590dde0951861587fe7fb97cfc516.pdf;    ALEX WILHANS ANTONIO PALLUDETO (UNICAMP/IE);i2;Área 2 - Economia Política
THE “CHICAGO BOYS” INTELLECTUAL TRANSFER: A GRAMSCIAN INTERPRETATION;https://www.anpec.org.br/encontro/2016/submissao/files_I/i2-0b0353b340084fce3f97f02e21d993fa.pdf;    IAN COELHO DE SOUZA ALMEIDA (UFMG/CEDEPLAR);i2;Área 2 - Economia Política
TRANSFORMAÇÃO PRODUTIVA, PREÇOS RELATIVOS E DISTRIBUIÇÃO FUNCIONAL DA RENDA: O CASO BRASILEIRO NO PERÍODO RECENTE;https://www.anpec.org.br/encontro/2016/submissao/files_I/i2-0e440f1c7d1586cdf49e38d013d3fecb.pdf;    BÁRBARA CARDOSO DIAS (UFRJ/IE) - ANA URRACA RUIZ (UFF);i2;Área 2 - Economia Política
EDUCAÇÃO E AS ORIGENS DA DESIGUALDADE REGIONAL NO BRASIL;https://www.anpec.org.br/encontro/2016/submissao/files_I/i3-721fd074a1943f3020ada290614c2ae8.pdf;    LEONARDO TEIXEIRA VIOTTI (INSPER) - BRUNO KAWAOKA KOMATSU (INSPER - FEA/USP) - NARCIO AQUINO MENEZES FILHO (INSPER - FEA/USP) - PEDRO AUGUSTO COSTA OLIVEIRA (INSPER);i3;Área 3 - História Econômica
EVOLUÇÃO E ESTRUTURA DA DEMANDA POR PRODUTOS SIDERÚRGICOS NO BRASIL ENTRE 1901 E 1940: DIMENSIONANDO O PROBLEMA SIDERÚRGICO NACIONAL;https://www.anpec.org.br/encontro/2016/submissao/files_I/i3-3a6c2c426497e4d8ce26c7ecb64855b5.pdf;    GUSTAVO BARROS (UFJF);i3;Área 3 - História Econômica
FERROVIA E PRODUÇÃO AGRÍCOLA NO CEARÁ NO FINAL DO SÉCULO XIX;https://www.anpec.org.br/encontro/2016/submissao/files_I/i3-04b171c3a8858ee404aba120ceb2573a.pdf;    ANA ISABEL RIBEIRO PARENTE CORTEZ REIS (UNIVERSIDADE REGIONAL DO CARIRI - URCA) - ANA SARA RIBEIRO PARENTE CORTEZ IRFFI (UFC);i3;Área 3 - História Econômica
OS CISNES CANTAM E A ONDA VERDE PASSA. OS CONGRESSOS AGRÍCOLAS DE 1878 E A DEMANDA DA LAVOURA POR CAPITAIS;https://www.anpec.org.br/encontro/2016/submissao/files_I/i3-af33ba431e62527f8bd23e60a79763bc.pdf;    JOSÉ FLÁVIO MOTTA (USP/FEA) - LUCIANA SUAREZ LOPES (USP/FEA);i3;Área 3 - História Econômica
PRODUÇÃO E COMÉRCIO EM UMA ECONOMIA AGRÁRIA EM MUDANÇA: JUNDIAÍ, 1799-1830;https://www.anpec.org.br/encontro/2016/submissao/files_I/i3-f79b7f25fbce73615d7f3f7469dc8c38.pdf;    DEBORAH OLIVEIRA MARTINS DOS REIS (UnB);i3;Área 3 - História Econômica
SOME STYLIZED FACTS ON EXTERNAL SHOCKS AND INFLATION UPSURGE IN BRAZIL, 1951-1985;https://www.anpec.org.br/encontro/2016/submissao/files_I/i3-22b26ee5d3fcc7a7261ad50473c319da.pdf;    CARLOS BASTOS PINKUSFELD (UFRJ) - EDUARDO F. BASTIAN (UFRJ) - JULIA DE MEDEIROS BRAGA (UFF) - RICARDO BIELSCHOWSKY (UFRJ);i3;Área 3 - História Econômica
THE HISTORY OF METAL LEVE S.A. AND ITS LEADERSHIP IN THE BRAZILIAN AUTO PARTS INDUSTRY: 1950-1996;https://www.anpec.org.br/encontro/2016/submissao/files_I/i3-223a3594ca759a3ededc089b42dc4dbc.pdf;    JAQUES KERSTENETZKY (UFRJ/IE);i3;Área 3 - História Econômica
A DINÂMICA DA TAXA DE CÂMBIO FACE ÀS OPERAÇÕES SWAP DA POLÍTICA CAMBIAL: UMA ANÁLISE PÓS-KEYNESIANA PARA O PERÍODO 2002-2015;https://www.anpec.org.br/encontro/2016/submissao/files_I/i4-3dcc5a03c2bf6471b4c654c2f0299ecf.pdf;    LEANDRO VIEIRA LIMA ARAÚJO (UFRGS) - FÁBIO HENRIQUE BITTES TERRA (UFU);i4;Área 4 - Macroeconomia, Economia Monetária e Finanças
A DINÂMICA INFLACIONÁRIA NO BRASIL DE 2000 A 2009: UMA ABORDAGEM MULTISETORIAL;https://www.anpec.org.br/encontro/2016/submissao/files_I/i4-e35d427dd8fe20d65d390b19a876217e.pdf;    LEANDRO GOMES (UFRRJ) - FABIO FREITAS (UFRJ);i4;Área 4 - Macroeconomia, Economia Monetária e Finanças
A EFICÁCIA DO CRÉDITO COMO CANAL DE TRANSMISSÃO DA POLÍTICA MONETÁRIA NO BRASIL: ESTRATÉGIA DE IDENTIFICAÇÃO DA OFERTA E DEMANDA DE CRÉDITO;https://www.anpec.org.br/encontro/2016/submissao/files_I/i4-ff8436ae17c3b49fff7b5d0147186a85.pdf;    THAMIRYS FIGUEREDO EVANGELISTA (UEM) - ELIANE CRISTINA DE ARAÚJO SBARDELLATI (UEM);i4;Área 4 - Macroeconomia, Economia Monetária e Finanças
A LEI DE THIRLWALL MULTISSETORIAL COM FLUXOS DE CAPITAIS: UMA ANÁLISE DO PLANO NACIONAL DE EXPORTAÇÕES (2015-2018) USANDO SIMULAÇÕES COMPUTACIONAIS;https://www.anpec.org.br/encontro/2016/submissao/files_I/i4-f2b683997c23567c3c41bf63c51e41d8.docx;    LIVIA NALESSO BAPTISTA (UFU) - GUILHERME JONAS COSTA DA SILVA (UFU) - JÚLIO FERNANDO COSTA SANTOS;i4;Área 4 - Macroeconomia, Economia Monetária e Finanças
AN EMPIRICAL TEST OF THE POST-KALECKIAN MODEL APPLIED TO FUNCTIONAL INCOME DISTRIBUTION AND LONG-RUN GROWTH REGIME IN BRAZIL ;https://www.anpec.org.br/encontro/2016/submissao/files_I/i4-2f5135e9dc693659767f0b718324283b.docx;    CLEITON SILVA DE JESUS (UNIVERSIDADE ESTADUAL DE FEIRA DE SANTANA) - RICARDO AZEVEDO ARAUJO (UNIVERSIDADE DE BRASÍLIA) - CARLOS EDUARDO DRUMOND (UNIVERSIDADE ESTADUAL DE SANTA CRUZ );i4;Área 4 - Macroeconomia, Economia Monetária e Finanças
AN IS-LM MODEL FOR A CLOSED ECONOMY IN A STOCK-FLOW CONSISTENT FRAMEWORK;https://www.anpec.org.br/encontro/2016/submissao/files_I/i4-187d7c2d91b079d97a0c856065b11ade.pdf;    JULIO FERNANDO COSTA SANTOS (UFU) - JOSÉ LUIS OREIRO (UFRJ) - LIA LORENA BRAGA (UFRJ) - THALES AYRES BARBEDO MARTINS (UFRJ);i4;Área 4 - Macroeconomia, Economia Monetária e Finanças
ASSIMETRIA NO REPASSE DE CUSTOS A PREÇOS: UMA ANÁLISE PARA 21 ATIVIDADES INDUSTRIAIS NO BRASIL DE 1996 A 2014;https://www.anpec.org.br/encontro/2016/submissao/files_I/i4-5e821059036826f92dc68b20e59e6b4a.pdf;    DÉBORA PIMENTEL (UFRJ) - ANDRÉ DE MELO MODENESI (UFRJ) - CAMILA CABRAL PIRES-ALVES (UFRJ) - EDUARDO PONTUAL RIBEIRO (UFRJ);i4;Área 4 - Macroeconomia, Economia Monetária e Finanças
AVALIAÇÃO DA MEDIDA DE NÚCLEO DE INFLAÇÃO BASEADA NO MÉTODO WAVELET PARA O BRASIL;https://www.anpec.org.br/encontro/2016/submissao/files_I/i4-fc77de3b0afb688099653e56d3f4f064.pdf;    ANDERSON ANTONIO DENARDIN (UFSM) - ALICE KOZAKEVICIUS (UFSM) - ALEX A. SCHMIDT (UFSM);i4;Área 4 - Macroeconomia, Economia Monetária e Finanças
CICLOS ECONÔMICOS NA ATIVIDADE INDUSTRIAL BRASILEIRA: UMA ANÁLISE NO DOMÍNIO DO TEMPO E DA FREQUÊNCIA;https://www.anpec.org.br/encontro/2016/submissao/files_I/i4-58d59ac08f64465bf39b1978bcd73f72.pdf;    CRISTIANO DA COSTA DA SILVA (UFC/CAEN) - NICOLINO TROMPIERI NETO (IPECE & UNIFOR) - IVAN CASTELAR (CAEN/UFC);i4;Área 4 - Macroeconomia, Economia Monetária e Finanças
CICLOS FINANCEIROS E O COMPORTAMENTO DO CRÉDITO NO BRASIL ENTRE 2004 E 2015;https://www.anpec.org.br/encontro/2016/submissao/files_I/i4-b4b4692edcfccbb80a5bb30e75f4f751.pdf;    ANDRÉ MOREIRA CUNHA (UFRGS) - PEDRO PERFEITO DA SILVA (UFRGS) - MARCOS TADEU CAPUTI LÉLIS (UNISINOS) - LUCAS ULGUIM LOPES (BRDE);i4;Área 4 - Macroeconomia, Economia Monetária e Finanças
CREDIT CONSTRAINTS AND TAXES: MISALLOCATION IN A TWO-SECTOR ECONOMY;https://www.anpec.org.br/encontro/2016/submissao/files_I/i4-807a729d6eb604ad40366db16d8f3b5c.pdf;    JULIA PASSABOM ARAUJO (USP/FEA);i4;Área 4 - Macroeconomia, Economia Monetária e Finanças
DETERMINANTES DO PROCESSO DE “DESDOLARIZAÇÃO” DO PASSIVO EXTERNO BRASILEIRO;https://www.anpec.org.br/encontro/2016/submissao/files_I/i4-fd9af598e5aec3fa3a11f8a08066731b.pdf;    RENATO DE SOUZA ROSA (UNICAMP/IE) - ANDRÉ MARTINS BIANCARELLI (UNICAMP);i4;Área 4 - Macroeconomia, Economia Monetária e Finanças
DETERMINANTES DOS INVESTIMENTOS DIRETOS ESTRANGEIROS NAS ECONOMIAS DESENVOLVIDAS E EM DESENVOLVIMENTO: NOVAS EVIDÊNCIAS EMPÍRICAS.;https://www.anpec.org.br/encontro/2016/submissao/files_I/i4-658e5eca7762aeb6e77c28273d592c3e.pdf;    ANTONIO CARLOS DE JESUS ASSUMPÇÃO (UFF) - GABRIEL CALDAS MONTES (UFF);i4;Área 4 - Macroeconomia, Economia Monetária e Finanças
DETERMINANTS OF THE REAL EXCHANGE RATE IN THE LONG-RUN FOR DEVELOPING AND EMERGING COUNTRIES: A THEORETICAL AND EMPIRICAL APPROACH;https://www.anpec.org.br/encontro/2016/submissao/files_I/i4-195d419982137d934d96bf0879758192.docx;    LÚCIO OTÁVIO SEIXAS BARBOSA (UFMG/CEDEPLAR) - FREDERICO GONZAGA JAYME JUNIOR (UFMG) - FABRÍCIO JOSÉ MISSIO;i4;Área 4 - Macroeconomia, Economia Monetária e Finanças
ECONOMIC DEVELOPMENT AND INFLATION: A THEORETICAL AND EMPIRICAL ANALYSIS;https://www.anpec.org.br/encontro/2016/submissao/files_I/i4-c6117a174f7de8ce717776ee07814023.pdf;    ANDRÉ RONCAGLIA DE CARVALHO (UNIFESP) - RAFAEL RIBEIRO (UNIVERSITY OF CAMBRIDGE, UK.) - ANDRÉ M. MARQUES (UFPB);i4;Área 4 - Macroeconomia, Economia Monetária e Finanças
ESTIMATIVAS DA CURVA DE PHILLIPS NOVO KEYNESIANA PARA O BRASIL: UMA ABORDAGEM VIA AUTORREGRESSÃO NÃO CAUSAL;https://www.anpec.org.br/encontro/2016/submissao/files_I/i4-b1f742f571a732bdcdb13af9c06881d0.pdf;    REINALDO LUIZ BEDIM JUNIOR (UERJ) - ELCYON CAIADO ROCHA LIMA (UERJ);i4;Área 4 - Macroeconomia, Economia Monetária e Finanças
FISCAL CREDIBILITY AND CENTRAL BANK CREDIBILITY: HOW DO WE BUILD THEM? EMPIRICAL EVIDENCE FROM BRAZIL;https://www.anpec.org.br/encontro/2016/submissao/files_I/i4-50a1fd601dbf10d1c01d0d88a52b299c.pdf;    ANA JORDÂNIA DE OLIVEIRA (UFF) - GABRIEL CALDAS MONTES (UFF) - RODOLFO NICOLAY (UCAM);i4;Área 4 - Macroeconomia, Economia Monetária e Finanças
INTERAÇÃO ENTRE A POLÍTICA FISCAL E MONETÁRIA: UMA ANÁLISE SOBRE O REGIME DE DOMINÂNCIA VIGENTE NA ECONOMIA BRASILEIRA;https://www.anpec.org.br/encontro/2016/submissao/files_I/i4-f0fe1ee90bb73e0418ddb970f6a09292.pdf;    WELLINGTON CHARLES LACERDA NOBREGA (UFPB) - SINÉZIO FERNANDES MAIA (UFPB) - CÁSSIO DA NÓBREGA BESARRIA (UFPB);i4;Área 4 - Macroeconomia, Economia Monetária e Finanças
LIBERALIZAÇÃO FINANCEIRA E DESEMPENHO MACROECONÔMICO BRASILEIRO: EVIDÊNCIAS EMPÍRICAS A PARTIR DO MODELO VEC;https://www.anpec.org.br/encontro/2016/submissao/files_I/i4-61a9eaeccd3b123ff3c65a1c30a7a7ab.docx;    PEDRO PERFEITO DA SILVA (UFRGS) - ANDRÉ MOREIRA CUNHA (UFRGS) - ANDRÉS ERNESTO FERRARI HAINES (UFRGS);i4;Área 4 - Macroeconomia, Economia Monetária e Finanças
MECANISMO DE TRANSMISSÃO DO RISCO DEFAULT E COORDENAÇÃO DE POLÍTICA MACROECONÔMICA EM UMA ECONOMIA EMERGENTE SOB REGIME DE METAS DE INFLAÇÃO;https://www.anpec.org.br/encontro/2016/submissao/files_I/i4-a5f71bec886ed2408daa9e7a8b3bf881.pdf;    KARLO MARQUES JUNIOR (UEPG) - FERNANDO MOTTA CORREIA (UFPR);i4;Área 4 - Macroeconomia, Economia Monetária e Finanças
POLÍTICA MONETÁRIA, MACROPRUDENCIAL E BANCOS: ANÁLISE DA TRANSMISSÃO POR MEIO DE UM MODELO DSGE;https://www.anpec.org.br/encontro/2016/submissao/files_I/i4-770dadc7ca8f69089d0d911ae40d3b08.pdf;    FERNANDO DA SILVA VINHADO (UCB) - JOSÉ ANGELO DIVINO (UCB);i4;Área 4 - Macroeconomia, Economia Monetária e Finanças
PREFERÊNCIAS CRRA E RECURSIVAS SÃO EQUIVALENTES? ESTIMANDO A ELASTICIDADE DE SUBSTITUIÇÃO INTERTEMPORAL;https://www.anpec.org.br/encontro/2016/submissao/files_I/i4-b270273aa9c7b3b62ac2257a775bd821.pdf;    FÁBIO AUGUSTO REIS GOMES (USP/FEA-RP);i4;Área 4 - Macroeconomia, Economia Monetária e Finanças
PREVIDÊNCIA E TAXA DE JUROS NO BRASIL;https://www.anpec.org.br/encontro/2016/submissao/files_I/i4-5ded76304c8d3f6f8084d62d7cd7a6e0.pdf;    MAURO RODRIGUES (USP/FEA) - BRIAN BOLARINWA OGUNDAIRO;i4;Área 4 - Macroeconomia, Economia Monetária e Finanças
SUAVIZAÇÃO DE CONSUMO E QUEBRAS ESTRUTURAIS;https://www.anpec.org.br/encontro/2016/submissao/files_I/i4-d6a80d29db34b4356bbc17b8803d64f2.pdf;    MARCOS HITOSHI ENDO (USP/FEA-RP) - FABIO AUGUSTO REIS GOMES (USP/FEA-RP);i4;Área 4 - Macroeconomia, Economia Monetária e Finanças
SUSTENTABILIDADE FISCAL E SEUS IMPACTOS SOBRE A TAXA DE CÂMBIO;https://www.anpec.org.br/encontro/2016/submissao/files_I/i4-3860399df0c83aa7a80f64afed6ab2d2.pdf;    THAIS ORTEGA SCARAMUZZI (FGV-SP/EESP) - NELSON MARCONI (FGV-SP/EESP);i4;Área 4 - Macroeconomia, Economia Monetária e Finanças
TENDÊNCIAS RECENTES E CICLICIDADE NA DIVERSIFICAÇÃO GEOGRÁFICA DA ATIVIDADE BANCÁRIA NO BRASIL;https://www.anpec.org.br/encontro/2016/submissao/files_I/i4-4e97e05782b68879feb1b3544c1ba7c4.pdf;    BRUNO DE PAULA ROCHA (UFABC);i4;Área 4 - Macroeconomia, Economia Monetária e Finanças
TERMS OF TRADE, REAL EXCHANGE RATE OVER-VALUATION AND DE-INDUSTRIALIZATION: THEORY AND EMPIRICAL EVIDENCE ON BRAZILIAN CASE (2003-2015).;https://www.anpec.org.br/encontro/2016/submissao/files_I/i4-c3f2426ec570e5111653ca9e39a58bc6.pdf;    LUCIANO LUIZ MANARIN D'AGOSTINI (UFRJ) - LUCIANO LUIZ MANARIN DAGOSTINI (UFRJ) - JOSE LUIS OREIRO (UFRJ);i4;Área 4 - Macroeconomia, Economia Monetária e Finanças
THE MASS MEDIA TRANSMISSION OF CENTRAL BANK COMMUNICATION UNDER UNCERTAINTY;https://www.anpec.org.br/encontro/2016/submissao/files_I/i4-9b3fcd65187d1876ba38b9cad962bba7.pdf;    ANA CRISTINA PEREIRA DAS NEVES ();i4;Área 4 - Macroeconomia, Economia Monetária e Finanças
TÍTULOS PÚBLICOS PÓS-FIXADOS E EFICÁCIA DA POLÍTICA MONETÁRIA SOB A ÓTICA DE UM MODELO DSGE;https://www.anpec.org.br/encontro/2016/submissao/files_I/i4-f51315a19c3c922a80db7cd50d6d57ad.pdf;    PAULO LINS (USP/IPE) - MÁRCIO ISSAO NAKANE (IPE-USP);i4;Área 4 - Macroeconomia, Economia Monetária e Finanças
UM MODELO MACRODINÂMICO PARA A POLÍTICA ECONÔMICA BRASILEIRA E ANÁLISE DE INSTABILIDADE ESTOCASTICA.;https://www.anpec.org.br/encontro/2016/submissao/files_I/i4-52a1b94eb4d1947040d8117f68956ee8.pdf;    PIERRE JOSEPH NELCIDE (UFSC) - MILTON BIAGE (UFSC);i4;Área 4 - Macroeconomia, Economia Monetária e Finanças
A INFLUÊNCIA DA REELEIÇÃO NA POLÍTICA FISCAL SUBNACIONAL;https://www.anpec.org.br/encontro/2016/submissao/files_I/i5-efa214cd97bdef2b081e7b685a69e35f.pdf;    FERNANDA LEDO MARCINIUK (UnB) - MAURÍCIO SOARES BUGARIN (UNB);i5;Área 5 - Economia do Setor Público
A SITUAÇÃO FISCAL E OS CICLOS POLÍTICOS NOS MUNICÍPIOS BRASILEIROS: UMA ANÁLISE A PARTIR DE DADOS EM PAINEL ESPACIAL;https://www.anpec.org.br/encontro/2016/submissao/files_I/i5-94e3074a85f0d3b26377da2541e8f965.pdf;    JULYANA COVRE (UFV/ PPGEA) - LEONARDO BORNACKI DE MATTOS (UFV);i5;Área 5 - Economia do Setor Público
CAPACIDADE DE ARRECADAÇÃO DO IPTU: UM EXERCÍCIO DE ESTIMAÇÃO POR FRONTEIRA ESTOCÁSTICA COM DADOS EM PAINEL DOS MUNICÍPIOS BRASILEIROS NO PERÍODO 2002-2014;https://www.anpec.org.br/encontro/2016/submissao/files_I/i5-1e779fdf38dc4c363810f12d65af46ce.pdf;    RODRIGO OCTÁVIO ORAIR (IPEA) - PEDRO HENRIQUE MELO ALBUQUERQUE (UNB);i5;Área 5 - Economia do Setor Público
CICLOS ELEITORAIS E PARTIDÁRIOS E INTERAÇÃO ESPACIAL NAS DESPESAS EM SAÚDE E SANEAMENTO MUNICIPAIS (1998-2012).;https://www.anpec.org.br/encontro/2016/submissao/files_I/i5-fa3066bccfa15272577870f19a7686cc.pdf;    BRUNO SILVA DE MORAES GOMES (UFJF) - SUZANA QUINET DE ANDRADE BASTOS (UFJF) - EDUARDO SIMÕES DE ALMEIDA (UFJF);i5;Área 5 - Economia do Setor Público
CICLOS POLÍTICOS E ELEITORAIS NA EXECUÇÃO DO PROGRAMA BOLSA FAMÍLIA EM NÍVEL MUNICIPAL;https://www.anpec.org.br/encontro/2016/submissao/files_I/i5-94eabce55a3b86ed3aa5f10164cbc7cb.pdf;    TIAGO SOUSA PEREIRA (AGÊNCIA NACIONAL DE AVIAÇÃO CIVIL - ANAC) - VANDER MENDES LUCAS (UNB) - MOISÉS A. RESENDE FILHO (UNB);i5;Área 5 - Economia do Setor Público
COMPOSIÇÃO ÓTIMA DA DÍVIDA PÚBLICA BRASILEIRA E A POLÍTICA MONETÁRIA;https://www.anpec.org.br/encontro/2016/submissao/files_I/i5-ba0dd90658c1c7cca25b578645cf9a49.pdf;    ADRIANO SODRÉ DE MORAES (SECRETARIA DO TESOURO NACIONAL) - JOSÉ ANGELO DIVINO (UCB);i5;Área 5 - Economia do Setor Público
DETERMINANTES DA EFICIÊNCIA TÉCNICA DAS ESCOLAS PÚBLICAS BRASILEIRAS: A IMPORTÂNCIA DO CONTEXTO FAMILIAR NA QUALIDADE EDUCACIONAL;https://www.anpec.org.br/encontro/2016/submissao/files_I/i5-c7141b6655c294fb9aa08e93b936f131.pdf;    THIAGO MENDES ROSA (COMPANHIA DE PLANEJAMENTO DO DISTRITO FEDERAL) - TAMARA VAZ DE MORAES SANTOS (UNB) - FLÁVIO DE OLIVEIRA GONÇALVES (UFPR);i5;Área 5 - Economia do Setor Público
EDUCAÇÃO SUPERIOR PÚBLICA NO BRASIL: CUSTOS, BENEFÍCIOS E EFEITOS DISTRIBUTIVOS;https://www.anpec.org.br/encontro/2016/submissao/files_I/i5-facbff91b0ec967476764cecaf05c20b.pdf;    CARLOS RENATO DE MELO CASTRO (STN/MF) - MARIA EDUARDA TANNURI-PIANTO (UNB);i5;Área 5 - Economia do Setor Público
EFFECT OF THE COMMUNICATION AND CLARITY OF THE FISCAL AUTHORITY ON MARKET EXPECTATIONS: EVIDENCE FROM THE BRAZILIAN ECONOMY;https://www.anpec.org.br/encontro/2016/submissao/files_I/i5-dcab24f7410d97b8834971f88fe00e3d.pdf;    HELDER FERREIRA DE MENDONÇA (UFF) - RODOLFO TOMÁS DA FONSECA NICOLAY (UCAM);i5;Área 5 - Economia do Setor Público
FISCAL CREDIBILITY AS NOMINAL ANCHOR: THE BRAZILIAN EXPERIENCE;https://www.anpec.org.br/encontro/2016/submissao/files_I/i5-8ffe46c0b16dfa314541becc423df7e9.pdf;    ROSELI DA SILVA (USP/FEA-RP) - HELDER FERREIRA DE MENDONÇA (UFF);i5;Área 5 - Economia do Setor Público
GASTOS GOVERNAMENTAIS NO ENSINO SUPERIOR E EVASÃO: UM ESTUDO DE ANÁLISE DE SOBREVIVÊNCIA PARA OS ESTUDANTES DOS CURSOS DE CIÊNCIAS NATURAIS E ENGENHARIAS EM INSTITUIÇÕES PÚBLICAS E PRIVADAS.;https://www.anpec.org.br/encontro/2016/submissao/files_I/i5-9730f61c6dd889108f42eb81f727b9b9.pdf;    MARCO TULIO ANICETO FRANCA (PUC-RS) - ALICE SACCARO (PUC-RS);i5;Área 5 - Economia do Setor Público
IMPACTO DA (DES)ONERAÇÃO DA FOLHA DE PAGAMENTO NA ECONOMIA BRASILEIRA;https://www.anpec.org.br/encontro/2016/submissao/files_I/i5-8973153079225b3a8796f80b975f920a.pdf;    TERCIANE SABADINI CARVALHO (UFPR) - ALEXANDRE ALVES PORSSE (UFPR);i5;Área 5 - Economia do Setor Público
INCENTIVOS ELEITORAIS E REGRAS FISCAIS (NÃO TÃO) RÍGIDAS: NOVAS EVIDÊNCIAS PARA OS MUNICÍPIOS BRASILEIROS A PARTIR DA RUBRICA RESTOS A PAGAR;https://www.anpec.org.br/encontro/2016/submissao/files_I/i5-413241696e6c9b50a4e5bc150da444fd.pdf;    RODRIGO BORGES DE ALMEIDA (USP/FEA-RP) - SERGIO NARUHIKO SAKURAI (USP/FEA-RP);i5;Área 5 - Economia do Setor Público
LOCAL PUBLIC FINANCES IN BRAZIL: ARE MAYORAL CHARACTERISTICS IMPORTANT?;https://www.anpec.org.br/encontro/2016/submissao/files_I/i5-ee7ecc4e96d831d605871cd40a6f7069.pdf;    VERONICA INES FERNANDEZ ORELLANO (FGV-SP/EESP) - FABIANA ROCHA (FEA-USP) - KARINA BUGARIN (FGV-SP);i5;Área 5 - Economia do Setor Público
O PROGRAMA CIÊNCIA SEM FRONTEIRAS CONTRIBUI NA FORMAÇÃO DOS ESTUDANTES? UMA ANÁLISE A PARTIR DO ENADE 2013;https://www.anpec.org.br/encontro/2016/submissao/files_I/i5-a39e8b4aea009e1987ff282fe8c9f924.pdf;    OTAVIO CANOZZI CONCEIÇÃO (PUC-RS) - MARCO TULIO ANICETO FRANÇA (PUC-RS) - PAULO DE ANDRADE JACINTO (PUC-RS);i5;Área 5 - Economia do Setor Público
THE “BOLSA-FAMÍLIA” PROGRAM AND THE FOOD INSECURITY IN BRAZILIAN HOUSEHOLD BETWEEN 2009 AND 2013;https://www.anpec.org.br/encontro/2016/submissao/files_I/i5-15947443edc6e1498446b776165267a7.pdf;    ANDREA SALES S. DE A. MELO (UFPE/PIMES) - CHRISTOPHE STARZEC (CNRS-UNIVERSITÉ PARIS 1/SORBONNE) - FRANÇOIS GARDES (UNIVERSITÉ PARIS 1/SORBONNE);i5;Área 5 - Economia do Setor Público
TRANSFERÊNCIAS DE RENDA INTERGOVERNAMENTAIS E SEUS IMPACTOS SOBRE AS DESPESAS DE CAPITAL E DESPESAS CORRENTES NOS MUNICÍPIOS BRASILEIROS;https://www.anpec.org.br/encontro/2016/submissao/files_I/i5-27800ef20803ce7f1f7414240a57d3c3.pdf;    ERIKA CRISTINA BARBOSA DE ALMEIDA RIBEIRO (ESCOLA NAVAL E UFJF) - EDUARDO ALMEIDA (UFJF);i5;Área 5 - Economia do Setor Público
VARIABILIDADE DO EFEITO FLYPAPER E FORÇA POLÍTICA: UMA ANÁLISE PARA OS MUNICÍPIOS BRASILEIROS;https://www.anpec.org.br/encontro/2016/submissao/files_I/i5-5216ebfcd9b37e08b5ed2519b4ce5106.docx;    GLAUBER MARQUES NOJOSA (UFC/CAEN) - FABRÍCIO CARNEIRO LINHARES (UFC/CAEN);i5;Área 5 - Economia do Setor Público
A KALDOR-SCHUMPETER MODEL OF CUMULATIVE GROWTH: COMBINING INCREASING RETURNS AND NON-PRICE COMPETITIVENESS WITH TECHNOLOGICAL CATCH-UP AND RESEARCH INTENSITY;https://www.anpec.org.br/encontro/2016/submissao/files_I/i6-5202b058cbc52a0b0ae67ad33a2e59e0.pdf;    JOÃO PRATES ROMERO (UFMG/CEDEPLAR);i6;Área 6 - Crescimento, Desenvolvimento Econômico e Instituições
ACELERADOR FORTE E CONCAVIDADE NA FUNÇÃO CONSUMO EM MODELOS NEOKALECKIANOS: REDISCUTINDO O CRESCIMENTO LIDERADO PELOS SALÁRIOS;https://www.anpec.org.br/encontro/2016/submissao/files_I/i6-03091c56f8b50ac747b8e312170fc75c.pdf;    VIVIAN GARRIDO MOREIRA (UEL);i6;Área 6 - Crescimento, Desenvolvimento Econômico e Instituições
COMPORTAMENTO DAS IMPORTAÇÕES BRASILEIRAS DE 2000 A 2008: UMA ANÁLISE A PARTIR DA DECOMPOSIÇÃO ESTRUTURAL E INSUMO-PRODUTO;https://www.anpec.org.br/encontro/2016/submissao/files_I/i6-390768f519ebac998ec7aac01d7da20a.pdf;    PATIEENE ALVES PASSONI (UFRJ/IE);i6;Área 6 - Crescimento, Desenvolvimento Econômico e Instituições
CRESCIMENTO EDUCACIONAL: UMA ANÁLISE DA DISTRIBUIÇÃO NOS MUNICÍPIOS BRASILEIROS;https://www.anpec.org.br/encontro/2016/submissao/files_I/i6-db98c4c430c04d056a2ff712b1ddcc2f.pdf;    LAURA DESIRÉE SILVA VERNIER (PUC-RS) - IZETE PENGO BAGOLIN (PUC-RS);i6;Área 6 - Crescimento, Desenvolvimento Econômico e Instituições
DETERMINANTS OF JUDICIAL EFFICIENCY CHANGE: EVIDENCE FROM BRAZIL;https://www.anpec.org.br/encontro/2016/submissao/files_I/i6-c73f39566bc7d15b3c2dcf5c91e3858f.pdf;    THIAGO DE ARAÚJO FAUVRELLE (UNIVERSITY OF HAMBURG) - ALÉSSIO TONY CAVALCANTI DE ALMEIDA (UFPB);i6;Área 6 - Crescimento, Desenvolvimento Econômico e Instituições
DISTRIBUIÇÃO DE RENDA E DEMANDA AGREGADA NO BRASIL(1995-2015): UMA ANÁLISE DE EXTENSÕES AOS MODELOS NEO-KALECKIANOS PELO MÉTODO VAR;https://www.anpec.org.br/encontro/2016/submissao/files_I/i6-ea7f889b9bca92cdfb5549403e32e333.pdf;    JULIA BURLE GONÇALVES (USP);i6;Área 6 - Crescimento, Desenvolvimento Econômico e Instituições
EFFECTS OF INCOME INEQUALITY ON THE ECONOMIC GROWTH OF BRAZILIAN STATES: AN ANALYSIS USING THE COINTEGRATED PANEL MODEL;https://www.anpec.org.br/encontro/2016/submissao/files_I/i6-b84a64b95b07e5ae222258a6b0493e00.pdf;    CÁSSIO DA NÓBREGA BESARRIA (UFPB) - JEVUKS MATHEUS DE ARAÚJO (UFPB) - ANDRÉA FERREIRA DA SILVA (UFPB) - ÉRYKA FERNANDA MIRANDA SOBRAL (UFPB) - THIAGO GEOVANE PEREIRA (UFPB);i6;Área 6 - Crescimento, Desenvolvimento Econômico e Instituições
EFICIÊNCIA TÉCNICA DAS ESCOLAS PÚBLICAS DOS ESTADOS DO NORDESTE: UMA ABORDAGEM EM DOIS ESTÁGIOS ;https://www.anpec.org.br/encontro/2016/submissao/files_I/i6-1242b6d45e8363f2fd72cc748651987a.pdf;    JOSUÉ NUNES DE ARAÚJO JUNIOR (UFPE) - WELLINGTON RIBEIRO JUSTO (URCA) - ROBERTA DE MORAES ROCHA (UFPE/PPGECON) - SÓNIA MARIA FONSECA PEREIRA OLIVEIRA GOMES (UFPE/PPGECON);i6;Área 6 - Crescimento, Desenvolvimento Econômico e Instituições
ENDOGENIZING NON-PRICE COMPETITIVENESS IN A MODEL WITH CAPITAL ACCUMULATION AND BOPC ON GROWTH;https://www.anpec.org.br/encontro/2016/submissao/files_I/i6-6e45a97df041ff7c2dd57cadc7858d1d.pdf;    MARWIL J. DÁVILA-FERNÁNDEZ (UNIVERSITY OF SIENA) - JOSÉ L. OREIRO (UNB) - MARIO W. D. DÁVILA (UFSJ);i6;Área 6 - Crescimento, Desenvolvimento Econômico e Instituições
GOVERNANCE AND GROWTH: A PANEL VAR APPROACH;https://www.anpec.org.br/encontro/2016/submissao/files_I/i6-b664b335dcf00c41e5f5adbbd539cbd1.pdf;    GUILHERME MARQUES DE AMORIM (UFPE) - MARCELO EDUARDO ALVES DA SILVA (UFPE);i6;Área 6 - Crescimento, Desenvolvimento Econômico e Instituições
GROWTH, DISTRIBUTION, AND SECTORAL HETEROGENEITY: READING THE KALECKIANS IN LATIN AMERICA;https://www.anpec.org.br/encontro/2016/submissao/files_I/i6-b7a3613611e24942e4d3c646d9cc76c8.pdf;    FERNANDO RUGITSKY (USP/FEA);i6;Área 6 - Crescimento, Desenvolvimento Econômico e Instituições
INVESTIMENTO EM INFRAESTRUTURA RODOVIÁRIA E CRESCIMENTO ECONÔMICO SETORIAL: UMA ANÁLISE MULTISSETORIAL DOS EFEITOS DO PROGRAMA DE ACELERAÇÃO DO CRESCIMENTO NO BRASIL;https://www.anpec.org.br/encontro/2016/submissao/files_I/i6-e9f2e1a241cd8db81088a2e83bc5f4cb.pdf;    GUILHERME FERREIRA DE LIMA JÚNIOR (UFU) - GUILHERME JONAS COSTA DA SILVA (UFU);i6;Área 6 - Crescimento, Desenvolvimento Econômico e Instituições
MACROECONOMIC PERFORMANCE UNDER EVOLUTIONARY DYNAMICS OF EMPLOYEE PROFIT SHARING;https://www.anpec.org.br/encontro/2016/submissao/files_I/i6-2d61be2bb160611977e425321cef6a39.pdf;    GILBERTO TADEU LIMA (USP/IPE) - JAYLSON JAIR DA SILVEIRA (UFSC);i6;Área 6 - Crescimento, Desenvolvimento Econômico e Instituições
MUDANÇA ESTRUTURAL REDUTORA DA PRODUTIVIDADE: O FALLING BEHIND BRASILEIRO;https://www.anpec.org.br/encontro/2016/submissao/files_I/i6-5041433e48d4712abcce48affcb71e03.pdf;    MARCELO AREND (UFSC) - GUILHERME LEONEL SINGH (UFMG) - JULIMAR DA SILVA BICHARRA (UAM);i6;Área 6 - Crescimento, Desenvolvimento Econômico e Instituições
STRUCTURAL CHANGE, CATCHING UP AND FALLING BEHIND IN THE BRICS: A COMPARATIVE ANALYSIS BASED ON TRADE PATTERN AND THIRLWALL’S LAW;https://www.anpec.org.br/encontro/2016/submissao/files_I/i6-abdb82bba6887e95a07950ce47233ec6.pdf;    ELIANE ARAÚJO (UEM) - ANDRE NASSIF (BNDES E UFF) - CARMEM FEIJO (UFF);i6;Área 6 - Crescimento, Desenvolvimento Econômico e Instituições
TAXA REAL DE CÂMBIO E MUDANÇA ESTRUTURAL NUM MODELO KALDORIANO DE CRESCIMENTO COM RESTRIÇÃO DE BALANÇO DE PAGAMENTOS;https://www.anpec.org.br/encontro/2016/submissao/files_I/i6-f274f6937f00fe91dfcbe3fe29990632.docx;    BERNARDO MATTOS SANTANA (BNDES) - JOSÉ LUIS OREIRO (UFRJ);i6;Área 6 - Crescimento, Desenvolvimento Econômico e Instituições
THE EFFECTIVENESS OF EXPANSIONARY DEVALUATION AT DIFFERENT STAGES OF ECONOMIC DEVELOPMENT;https://www.anpec.org.br/encontro/2016/submissao/files_I/i6-b746b9263378a868b6917208cccd9224.docx;    GUILHERME RICCIOPPO MAGACHO (UNIVERSIDADE DE CAMBRIDGE) - IGOR LOPES ROCHA (CAMBRIDGE) - RAFAEL SAULO MARQUES RIBEIRO (CAMBRIDGE);i6;Área 6 - Crescimento, Desenvolvimento Econômico e Instituições
THE EFFECTS OF FISCAL POLICY ON INCOME INEQUALITY IN A MODEL WITH HETEROGENEOUS AGENTS;https://www.anpec.org.br/encontro/2016/submissao/files_I/i6-1322c91e1fa4c0722dff21a716b7b096.pdf;    WALBERTI SAITH (UFV/ PPGEA) - JOANNA GIORGIOS ALEXOPOULOS (UEL) - LEONARDO BORNACKI DE MATTOS (UFV/PPGEA);i6;Área 6 - Crescimento, Desenvolvimento Econômico e Instituições
THE STRUCTURALIST REVENGE: ECONOMIC COMPLEXITY AS AN IMPORTANT DIMENSION TO EVALUATE GROWTH AND DEVELOPMENT;https://www.anpec.org.br/encontro/2016/submissao/files_I/i6-a54a8e671e8b3593728ac9749a681fc6.docx;    IGOR LOPES ROCHA (UNIVERSITY OF CAMBRIDGE) - PAULO GALA (EESP-FGV) -  GUILHERME MAGACHO (UNIVERSITY OF CAMBRIDGE);i6;Área 6 - Crescimento, Desenvolvimento Econômico e Instituições
WAS COLD WAR A CONSTRAINT TO INCOME INEQUALITY?;https://www.anpec.org.br/encontro/2016/submissao/files_I/i6-69ff2164def3bf53913b4a6ca1410733.pdf;    ANDRÉ ALBUQUERQUE SANT'ANNA (UFRJ/IE) - LEONARDO WELLER (EESP/FGV);i6;Área 6 - Crescimento, Desenvolvimento Econômico e Instituições
WHICH SECTORS TO STIMULATE FIRST IN BRAZIL? ESTIMATING THE SECTORAL POWER TO PULL THE ECONOMY OUT OF THE RECESSION ;https://www.anpec.org.br/encontro/2016/submissao/files_I/i6-dcdae982b42013a74de2f7b9dbfb7290.pdf;    HENRIQUE MORRONE (UFRGS);i6;Área 6 - Crescimento, Desenvolvimento Econômico e Instituições
A ELASTICIDADE PREÇO NAS EQUAÇÕES DE DEMANDA POR IMPORTAÇÕES CONSIDERANDO A QUALIDADE DOS PRODUTOS: ESTIMATIVAS PARA A ECONOMIA BRASILEIRA (1996-2013).;https://www.anpec.org.br/encontro/2016/submissao/files_I/i7-69961143102ba990b3b227c10d474d33.pdf;    ARIANE DANIELLE BARAÚNA DA SILVA (UFAL) - ÁLVARO BARRANTES HIDALGO (PIMES/UFPE);i7;Área 7 - Economia Internacional
ABERTURA FINANCEIRA, ACUMULAÇÃO DE CAPITAL E PRODUTIVIDADE NOS PAÍSES EM DESENVOLVIMENTO;https://www.anpec.org.br/encontro/2016/submissao/files_I/i7-322c6589f6e52eaf430c110eb3885de7.pdf;    DYEGGO ROCHA GUEDES (UFRGS) - ADERBAL OLIVEIRA DAMASCENO (UNIVERSIDADE FEDERAL DE UBERLÂNDIA);i7;Área 7 - Economia Internacional
AS TRAJETÓRIAS DE DIVERSIFICAÇÃO E DIFERENCIAÇÃO DO COMÉRCIO EXTERIOR BRASILEIRO ENTRE 2000 E 2012;https://www.anpec.org.br/encontro/2016/submissao/files_I/i7-717a3d167a93be28ab1da1b4620edc92.docx;    JEFFERSON RICARDO GALETTI (UFRJ/IE) - CARLOS FREDERICO LEÃO ROCHA (UFRJ/IE);i7;Área 7 - Economia Internacional
AVALIAÇÃO DE UMA MAIOR INTEGRAÇÃO ECONÔMICA ENTRE BRASIL E OUTROS PAÍSES DA AMÉRICA A PARTIR DE UM MODELO GLOBAL DE EQUILÍBRIO GERAL COMPUTÁVEL;https://www.anpec.org.br/encontro/2016/submissao/files_I/i7-96747c9de7129147d0ea3f4a00f34678.pdf;    FERNANDO SALGUEIRO PEROBELLI (UFJF) - VINICIUS DE ALMEIDA VALE (UFJF) - ADMIR ANTÔNIO BETARELLI JUNIOR (UFJF) - RAMON GOULART CUNHA (UFJF);i7;Área 7 - Economia Internacional
BRAZILIAN COMPETITIVENESS OF ENERGY-INTENSIVE AND TRADE-EXPOSED INDUSTRIAL SECTORS VIS-À-VIS THE ADOPTION OF BORDER CARBON ADJUSTMENTS BY THE EU: AN APPROACH USING THE GTAP-EP MODEL;https://www.anpec.org.br/encontro/2016/submissao/files_I/i7-ee7125a5f67221b7dfe2ce6001470be3.pdf;    FLAVIO TOSI FEIJÓ (UFRGS) - ONNO KUIK (INSTITUTE FOR ENVIRONMENTAL STUDIES, VU UNIVERSITY AMSTERDAM);i7;Área 7 - Economia Internacional
BRICS EXPORT PERFORMANCE: AN ARDL BOUNDS TESTING EMPIRICAL INVESTIGATION ;https://www.anpec.org.br/encontro/2016/submissao/files_I/i7-80490f02382136018991d1557e20dde6.pdf;    FLAVIO VILELA VIEIRA (UFU) - CLEOMAR GOMES DA SILVA (UFU);i7;Área 7 - Economia Internacional
DESEMPENHO E PERSPECTIVAS DAS EXPORTAÇÕES BRASILEIRAS DE PRODUTOS MANUFATURADOS – PERFIL E PERDA DE MERCADO DO BRASIL NA AMÉRICA LATINA ;https://www.anpec.org.br/encontro/2016/submissao/files_I/i7-eba2390e6b60f31feb1480fa89eb7c18.pdf;    KAIO GLAUBER VITAL DA COSTA (UFRJ/IE) - MARTA DOS REIS CASTILHO (UFRJ) - JULIA TORRACCA (UFRJ);i7;Área 7 - Economia Internacional
FLUXOS DE ENTRADA E SAÍDA DE INVESTIMENTO DIRETO DA ARGENTINA, BRASIL, CHILE E MÉXICO: ANÁLISE COM O ÍNDICE DE GRUBEL E LLOYD (1995-2012);https://www.anpec.org.br/encontro/2016/submissao/files_I/i7-c82680e4b022076d0b5f537b96d652e8.pdf;    PEDRO RAFFY VARTANIAN (UNIVERSIDADE PRESBITERIANA MACKENZIE) - ÁLVARO ALVES DE MOURA JÚNIOR (UNIVERSIDADE PRESBITERIANA MACKENZIE) - JOAQUIM CARLOS RACY (UNIVERSIDADE PRESBITERIANA MACKENZIE);i7;Área 7 - Economia Internacional
FRAGMENTAÇÃO INTERNACIONAL DA PRODUÇÃO E A INSERÇÃO DO BRASIL EM CADEIAS GLOBAIS DE VALOR;https://www.anpec.org.br/encontro/2016/submissao/files_I/i7-892986265d754acbbd2e002c46c3943a.pdf;    INÁCIO FERNANDES DE ARAÚJO JUNIOR (UFJF) - FERNANDO SALGUEIRO PEROBELLI (UFJF) - ;i7;Área 7 - Economia Internacional
FRAGMENTAÇÃO INTERNACIONAL DA PRODUÇÃO, CADEIAS GLOBAIS DE VALOR E CRESCIMENTO ECONÔMICO: UMA NOVA ABORDAGEM EMPÍRICA;https://www.anpec.org.br/encontro/2016/submissao/files_I/i7-4f1ceab756e7ebc7f669b69fa3b5d752.pdf;    CAMILA DO CARMO HERMIDA (UFU) - CLÉSIO LOURENÇO XAVIER (UFU) - GUILHERME JONAS COSTA DA SILVA (UFU);i7;Área 7 - Economia Internacional
GLOBAL VALUE CHAINS AND BUSINESS CYCLES SHOCKS: TRADE-INCOME RATIO IN A VERTICALLY SPECIALIZED SCENARIO;https://www.anpec.org.br/encontro/2016/submissao/files_I/i7-198f04e01ec767b87090259527692658.docx;    MARÍLIA BASSETTI MARCATO (UNICAMP/IE) - FERNANDO SARTI (UNICAMP/IE) - FERNANDA OLIVEIRA ULTREMARE (UNICAMP/IE);i7;Área 7 - Economia Internacional
HIERARQUIA DE MOEDAS E SOBERANIA MONETÁRIA: UMA PRIMEIRA APROXIMAÇÃO;https://www.anpec.org.br/encontro/2016/submissao/files_I/i7-eee4fa1bd86ad67c66ca6e418af98471.pdf;    EZEQUIEL GRECO LAPLANE (UNICAMP);i7;Área 7 - Economia Internacional
MAPEAMENTO DOS PADRÕES DE ATUAÇÃO DOS PAÍSES NAS CADEIAS GLOBAIS DE VALOR E OS GANHOS EM TERMOS DE MUDANÇA ESTRUTURAL;https://www.anpec.org.br/encontro/2016/submissao/files_I/i7-6d111eb686295275cf5c8a0e7cffe6ea.pdf;    LUDMILA MACEDO CORRÊA (UFRRJ) - EDUARDO COSTA PINTO (UFRJ) - MARTA DOS REIS CASTILHO (UFRJ);i7;Área 7 - Economia Internacional
O IMPACTO DOS MERCADOS EMERGENTES NA COMPETITIVIDADE DAS EXPORTAÇÕES ARGENTINAS E BRASILEIRAS.;https://www.anpec.org.br/encontro/2016/submissao/files_I/i7-fed122b5745088c496e60cfb43c0886e.pdf;    VIRGINIA LAURA FERNÁNDEZ (UFPR) - MARCELO LUIZ CURADO (UFPR);i7;Área 7 - Economia Internacional
OS IMPACTOS DO MERCOSUL SOBRE O COMÉRCIO: UMA ABORDAGEM GRAVITACIONAL;https://www.anpec.org.br/encontro/2016/submissao/files_I/i7-b5c9729156d234fddb1664f56d8a4662.pdf;    BRUNO FERREIRA CORDEIRO (USP/IPE) - MAURO RODRIGUES JUNIOR (USP/IPE);i7;Área 7 - Economia Internacional
TAXA DE CÂMBIO REAL E PREÇOS DE COMMODITIES NO BRASIL ;https://www.anpec.org.br/encontro/2016/submissao/files_I/i7-e02ef39dd2e7e8f19c053446a986d71d.pdf;    RODRIGO DA SILVA SOUZA (UFV) - LEONARDO BORNACKI DE MATTOS (UNIVERSIDADE FEDERAL DE VIÇOSA) - JOÃO EUSTÁQUIO DE LIMA (UNIVERSIDADE FEDERAL DE VIÇOSA);i7;Área 7 - Economia Internacional
TECHNOLOGICAL GAP, DEMAND LAG AND TRADE;https://www.anpec.org.br/encontro/2016/submissao/files_I/i7-bb758a58a235763dc93988d50a617b16.docx;    PAULO RICARDO DA SILVA OLIVEIRA (UNICAMP/IE) - JOSÉ MARIA FERREIRA JARDIM DA SILVEIRA (UNICAMP) - DAVID STREED BULLOCK (UNIVERSITY OF ILLINOIS);i7;Área 7 - Economia Internacional
"UM MODELO ESTRUTURALISTA-KEYNESIANO DE DETERMINAÇÃO DA TAXA DE CÂMBIO REAL ""ÓTIMA"" PARA O DESENVOLVIMENTO ECONÔMICO BRASILEIRO: 1999-2015";https://www.anpec.org.br/encontro/2016/submissao/files_I/i7-015c49bc6617efc9ba06449eb40b1025.pdf;    ANDRÉ NASSIF (UFF) - CARMEM FEIJÓ (UFF) - ELIANE ARAÚJO (UEM);i7;Área 7 - Economia Internacional
A VALORIZAÇÃO IMOBILIÁRIA EM BELO HORIZONTE, 1995-2012: UMA ANÁLISE HEDÔNICA-QUANTÍLICA;https://www.anpec.org.br/encontro/2016/submissao/files_I/i8-123b3d979c67b007be52fc8879777560.pdf;    LUIZ ANDRÉS RIBEIRO PAIXÃO (IBGE) - VIVIANE LUPORINI (IE/UFRJ);i8;Área 8 - Microeconomia, Métodos Quantitativos e Finanças
ALTERNATIVA À POLÍTICA DE AÇÃO AFIRMATIVA BASEADA EM COTAS PARA PROCESSOS SELETIVOS ÀS UNIVERSIDADES BRASILEIRAS;https://www.anpec.org.br/encontro/2016/submissao/files_I/i8-0079f5a3700822fb2dbf25f3ce7a9598.pdf;    GUSTAVO ALVES TILLMANN (UCB) - ANGELO MIGUEL DE BARROS (UCB);i8;Área 8 - Microeconomia, Métodos Quantitativos e Finanças
ATRATIVIDADE DO MERCADO DE TRABALHO E EFICIÊNCIA DOS CURSOS DE ECONOMIA NO BRASIL;https://www.anpec.org.br/encontro/2016/submissao/files_I/i8-04fb1b324028d29587597c75dc53d077.pdf;    HILTON MARTINS DE BRITO RAMALHO (UFPB) - ALÉSSIO TONY CAVALCANTI DE ALMEIDA (UFPB) - ERYKA FERNANDA MIRANDA SOBRAL (UFPB) - ANDRÉA FERREIRA DA SILVA (UFPB);i8;Área 8 - Microeconomia, Métodos Quantitativos e Finanças
BUBBLES IN THE PRICES OF HOUSING? EVIDENCE TO BRAZIL’S ECONOMY;https://www.anpec.org.br/encontro/2016/submissao/files_I/i8-79c98d60e278b8f60fc815fc83af1410.pdf;    NÉLSON LEITÃO PAES (UFPE) - CÁSSIO DA NÓBREGA BESARRIA (UFPB) - MARCELO EDUARDO ALVES DA SILVA (UFPE);i8;Área 8 - Microeconomia, Métodos Quantitativos e Finanças
CONCESSÃO DE CRÉDITO DURANTE E APÓS A CRISE FINANCEIRA DE 2008 NO BRASIL. HOUVE HETEROGENEIDADE NAS OPERAÇÕES DE CRÉDITO?;https://www.anpec.org.br/encontro/2016/submissao/files_I/i8-44fde38a8b21d4b635bd22f38a6d0d52.pdf;    GUILHERME SOLINO EVELIN OLIVEIRA (UnB) - GUILHERME (UNB) - DANIEL O. CAJUEIRO (UNB) - BENJAMIN M. TABAK (UCB);i8;Área 8 - Microeconomia, Métodos Quantitativos e Finanças
CONFIDENCE AND SELF-ATTRIBUTION BIAS IN AN ARTIFICIAL STOCK MARKET;https://www.anpec.org.br/encontro/2016/submissao/files_I/i8-704f81372eee5041b03861a5f39a5beb.docx;    MARIO A. BERTELLA (UNESP) - FELIPE R. PIRES (SAO PAULO METROPOLITAN COMPANY) - HENIO H. A. REGO (IFMA) - JONATHAS N. SILVA (UNESP) - IRENA VODENSKA (METROPOLITAN COLLEGE, BOSTON UNIVERSITY) - H. EUGENE STANLEY (CENTER FOR POLYMER STUDIES AND DEPARTMENT OF PHYSICS, BOSTON UNIVERSIT);i8;Área 8 - Microeconomia, Métodos Quantitativos e Finanças
DETERMINANTES DO CRÉDITO BANCÁRIO NO BRASIL: UMA ANÁLISE DE FATORES MICRO E MACROECONÔMICOS;https://www.anpec.org.br/encontro/2016/submissao/files_I/i8-1461a9f449eb54133289d1a7f62d86c8.docx;    FERNANDA DANTAS ALMEIDA (UCB) - JOSÉ ANGELO DIVINO (UCB);i8;Área 8 - Microeconomia, Métodos Quantitativos e Finanças
DOES THE UNILATERAL DIVORCE LAWS CAUSE CHILD WEIGHT GAIN?;https://www.anpec.org.br/encontro/2016/submissao/files_I/i8-c9f6e9f36388d9c4a410eb7d76818904.pdf;    RAFAELA M NOGUEIRA DE CARVALHO (FGV-RJ/EPGE);i8;Área 8 - Microeconomia, Métodos Quantitativos e Finanças
ESTRATÉGIA SAFE CHOICE SOB MENOR INCERTEZA E ALOCAÇÃO INEFICIENTE NO ENSINO SUPERIOR BRASILEIRO;https://www.anpec.org.br/encontro/2016/submissao/files_I/i8-4a2a1049a3ffa3eaaf2d35ab1623340c.pdf;    ALÉSSIO TONY CAVALCANTI DE ALMEIDA (UFPB) - LIÉDJE BETTIZAIDE OLIVEIRA DE SIQUEIRA (UFPB) - ANDRÉA FERREIRA DA SILVA (UFPB) - ERYKA FERNANDA MIRANDA SOBRAL (UFPB) - EVANDRO FARIAS ROCHA (UFPB);i8;Área 8 - Microeconomia, Métodos Quantitativos e Finanças
IMPACTO DE MUDANÇA REGULATÓRIA SOBRE OS PREÇOS DOS ATIVOS DAS EMPRESAS DO SETOR ELÉTRICO BRASILEIRO;https://www.anpec.org.br/encontro/2016/submissao/files_I/i8-c0b2befbdff3765e9e9b3102ab8bb6b4.pdf;    BRENO RAMOS SAMPAIO (UFPE/PIMES) - BRENO RAMOS SAMPAIO (UFPE) - RAFAEL MOURA AZEVEDO (UFPE) - FELICIANO LHANOS AZUAGA (UNEMAT);i8;Área 8 - Microeconomia, Métodos Quantitativos e Finanças
INFLATION AND INFLATION UNCERTAINTY IN LATIN AMERICA: A TIME-VARYING STOCHASTIC VOLATILITY IN MEAN APPROACH ;https://www.anpec.org.br/encontro/2016/submissao/files_I/i8-4c15e0cc06e4805d757d777eba8d57e3.pdf;    DIEGO FERREIRA (UFPR) - ANDREZA APARECIDA PALMA (UFSCAR);i8;Área 8 - Microeconomia, Métodos Quantitativos e Finanças
IS PETROBRAS OPTIONS MARKET EFFICIENT? A STUDY USING THE DELTA-GAMMA NEUTRAL STRATEGY;https://www.anpec.org.br/encontro/2016/submissao/files_I/i8-93b8e2190523adbf569c500aa42f3641.pdf;    GUSTAVO SILVA ARAUJO (BACEN) - RICARDO ALVES CARMO RIBEIRO (ICATU VANGUARDA GESTÃO DE RECURSOS);i8;Área 8 - Microeconomia, Métodos Quantitativos e Finanças
MANAGERIAL EFFORT UNDER ASYMMETRIC INFORMATION: THE CASE OF PUBLIC SCHOOLS IN BRAZIL;https://www.anpec.org.br/encontro/2016/submissao/files_I/i8-bf939ae749d9298a4a0310f62e070720.pdf;    IGNACIO TAVARES DE ARAUJO JUNIOR (UFPB) - ALESSIO TONY C. ALMEIDA (UFPB) - HILTON M. B. RAMALHO (UFPB);i8;Área 8 - Microeconomia, Métodos Quantitativos e Finanças
O RISCO VISTO A POSTERIORI E O RISCO IMPUTADO A PRIORI NOS CONTRATOS DE UM BANCO DE DESENVOLVIMENTO;https://www.anpec.org.br/encontro/2016/submissao/files_I/i8-85c1bdef5f3cecac9701d05d8074fe66.pdf;    DENISE BENETTI RAMIREZ (UFSC) - FRANCIS CARLO PETTERINI (UFSC);i8;Área 8 - Microeconomia, Métodos Quantitativos e Finanças
ON SOME PROPERTIES OF A NEW ASYMMETRY-BASED TOBIT MODEL;https://www.anpec.org.br/encontro/2016/submissao/files_I/i8-563a0e4f0a6d424063df6a962d893aab.pdf;    MÁRIO FERNANDO DE SOUSA (UFG) - HELTON SAULO (UFG) - VÍCTOR LEIVA (UAI/CHILE) - PAULO SCALCO (UFG);i8;Área 8 - Microeconomia, Métodos Quantitativos e Finanças
SUBSTITUIÇÃO ENTRE ALIMENTOS ORGÂNICOS E CONVENCIONAIS NO BRASIL: O PAPEL DOS PREÇOS E DO DISPÊNDIO;https://www.anpec.org.br/encontro/2016/submissao/files_I/i8-1e37ebef71427be05eb3cdf5b54c38fd.pdf;    ALBERES SOUSA FERREIRA (UFV) - ALEXANDRE BRAGANÇA COELHO (UFV);i8;Área 8 - Microeconomia, Métodos Quantitativos e Finanças
USING A COLLECTIVE MODEL TO EVALUATE INTRA-HOUSEHOLD INEQUALITY AND INDIVIDUAL POVERTY IN BRAZIL;https://www.anpec.org.br/encontro/2016/submissao/files_I/i8-3c9f1a565b77434bbf722fa3f775d875.pdf;    WILMAN JAVIER IGLESIAS PINEDO (UFV) - ALEXANDRE BRAGANÇA COELHO (UFV);i8;Área 8 - Microeconomia, Métodos Quantitativos e Finanças
AN ANALYSIS OF THE RELATION BETWEEN GEOGRAPHICAL AND COGNITIVE PROXIMITY IN UNIVERSITY-INDUSTRY LINKAGES;https://www.anpec.org.br/encontro/2016/submissao/files_I/i9-7f06eb445973fdabb95781ed2115752e.pdf;    RENATO GARCIA (UNICAMP/IE) - VENEZIANO ARAÚJO (UNIFESP) - SUELENE MASCARINI (POLI/USP) - EMERSON GOMES DOS SANTOS (UNIFESP) - ARIANA RIBEIRO COSTA (POLI/USP);i9;Área 9 - Economia Industrial e da Tecnologia
ANÁLISE DA FUSÃO AZUL-TRIP SOB A ÓTICA DOS GANHOS DE EFICIÊNCIA;https://www.anpec.org.br/encontro/2016/submissao/files_I/i9-6d2836d0be880a57cebf7790a756f81b.pdf;    KLEBER PACHECO DE CASTRO (UERJ) - LUCIA HELENA SALGADO (UERJ) - ALEXANDRE MARINHO (UERJ);i9;Área 9 - Economia Industrial e da Tecnologia
APLICANDO REDE DE IPCS PARA IDENTIFICAR A FORMAÇÃO DE CLUSTERS DE TECNOLOGIAS PARA PRODUÇÃO DE BIOETANOL ;https://www.anpec.org.br/encontro/2016/submissao/files_I/i9-a6afdfc7451b90b4d2e883187920a45c.pdf;    CAROLINA DA SILVEIRA BUENO (UNICAMP/IE) - JOSÉ MARIA FERREIRA JARDIM DA SILVEIRA (UNICAMP/IE) - ANTONIO MARCIO BUAINAIN (UNICAMP/IE);i9;Área 9 - Economia Industrial e da Tecnologia
CAPITAL HUMANO E GERAÇÃO DE INOVAÇÃO: UMA ANÁLISE PARA PAÍSES EM DIFERENTES NÍVEIS DE DESENVOLVIMENTO TECNOLÓGICO (2000/2012) ;https://www.anpec.org.br/encontro/2016/submissao/files_I/i9-30a341e11d0ee71e4a9ce6e018bcbf2f.docx;    FABIO GAMA (UFJF) - SUZANA QUINET DE ANDRADE BASTOS (UFJF) - GUIULHERME SILVA CARDOSO (UFJF);i9;Área 9 - Economia Industrial e da Tecnologia
DETERMINANTES DA ECO-INOVAÇÃO NO BRASIL: UMA ANÁLISE A PARTIR DA PINTEC 2011;https://www.anpec.org.br/encontro/2016/submissao/files_I/i9-783ddcecb2ae2d8d8571b5943a24a251.pdf;    MUNIQUE SANTOS MOURA (UFU) - ANA PAULA MACEDO DE AVELLAR (UFU);i9;Área 9 - Economia Industrial e da Tecnologia
DIFUSÃO DE TECNOLOGIAS NOS PAÍSES DO BRICS;https://www.anpec.org.br/encontro/2016/submissao/files_I/i9-aa30dad9a027bd0b72523972db2b7233.docx;    ADRIANO CRISTIAN GEWEHR (UNISINOS) - JANAINA RUFFONI (PPGE-UNISINOS) - ALEXSANDRO MARIAN CARVALHO (PPGE-UNISINOS);i9;Área 9 - Economia Industrial e da Tecnologia
ECONOMIAS DE AGLOMERAÇÃO E ESCOLHA LOCACIONAL DAS INDÚSTRIAS DE ALIMENTOS E BEBIDAS NO BRASIL: UMA APLICAÇÃO DO MIXED LOGIT;https://www.anpec.org.br/encontro/2016/submissao/files_I/i9-0ad8c2abdba056a552853713f02f2473.pdf;    ROBERTA ROCHA (UFPE) - KLEBSON HUMBERTO DE LUCENA MOURA (UFPE-PIMES);i9;Área 9 - Economia Industrial e da Tecnologia
INNOVATION AND COMPETENCE BUILDING IN THE BRAZILIAN BIOPHARMACEUTICAL INDUSTRY;https://www.anpec.org.br/encontro/2016/submissao/files_I/i9-2d397a1b0e7479b0a9f94326e646317f.docx;    NATHALIA GUIMARÃES ALVES (UFF) - MARCO ANTÔNIO VARGAS (UFF) - JORGE NOGUEIRA PAIVA BRITTO (UFF);i9;Área 9 - Economia Industrial e da Tecnologia
INOVAÇÕES AMBIENTAIS E MATRIZES DE INTERAÇÃO ENTRE CIÊNCIA E TECNOLOGIA: UMA ABORDAGEM ENTRE OS PAÍSES DOS GRUPOS BRICS E G7 (1990 – 2010);https://www.anpec.org.br/encontro/2016/submissao/files_I/i9-5824c4fb320c5f03d8a83e3fea8dd150.pdf;    LEONARDO COSTA RIBEIRO (INMETRO) - ROSA LIVIA MONTENEGRO (PPGE/UFJF) - GUSTAVO BRITTO (CEDEPLAR/UFMG);i9;Área 9 - Economia Industrial e da Tecnologia
LINKAGES OF THE PROCESSING SECTORS IN THE BRAZILIAN ECONOMY THROUGH THE INTERNALIZATION OF THE INTERMEDIATE INPUTS IMPORTED, 2000, 2004 AND 2009.;https://www.anpec.org.br/encontro/2016/submissao/files_I/i9-c0a8d22a65e9b752392fda8c32f2ec97.pdf;    ANTONIO EDSON AMARAL (UEL) - ANTONIO CARLOS DE CAMPOS (UEM - UNIVERSIDADE ESTADUAL DE MARINGÁ ) - UMBERTO A. SESSO FILHO (UEL - UNIVERSIDADE ESTADUAL DE LONDRINA) - EMERSON GUZZI ZUAN ESTEVES (UEM - UNIVERSIDADE ESTADUAL DE MARINGÁ ) - PAULO ROGÉRIO ALVES BRENE (UENP - UNIVERSIDADE ESTADUAL NORTE DO PARANÁ);i9;Área 9 - Economia Industrial e da Tecnologia
ON THE EVOLUTION OF TECHNOLOGICAL SPECIALIZATION PATTERNS IN DEVELOPING COUNTRIES: COMPARING ASIA AND LATIN AMERICA;https://www.anpec.org.br/encontro/2016/submissao/files_I/i9-1e306b2601d829f6223055e79f2ba7b1.pdf;    ANA URRACA RUIZ (UFF);i9;Área 9 - Economia Industrial e da Tecnologia
OPORTUNIDADES TECNOLÓGICAS E DIVERSIFICAÇÃO DAS FIRMAS EM TECNOLOGIAS DE MITIGAÇÃO DAS MUDANÇAS CLIMÁTICAS;https://www.anpec.org.br/encontro/2016/submissao/files_I/i9-efa57c3797334aa154d7a66a35341e99.pdf;    PAULO HENRIQUE ASSIS FEITOSA (UNICAMP/IE) - RENATO DE CASTRO GARCIA (UNICAMP/IE);i9;Área 9 - Economia Industrial e da Tecnologia
P&D, INOVAÇÃO E PRODUTIVIDADE NA INDÚSTRIA: UMA ABORDAGEM PARA O BRASIL;https://www.anpec.org.br/encontro/2016/submissao/files_I/i9-b6a7fa287a3e87743789ce8f1fa6a088.pdf;    JULIANA GONÇALVES TAVEIRA (UFJF) - EDUARDO GONÇALVES (UFJF) - RICARDO DA SILVA FREGUGLIA (UFJF);i9;Área 9 - Economia Industrial e da Tecnologia
PATENTES EM BIOTECNOLOGIA AGRÍCOLA: INDICADOR DE “CAPACIDADE BLOQUEANTE LEGAL “(CBL) E ESTRATÉGIAS DE APROPRIABILIDADE;https://www.anpec.org.br/encontro/2016/submissao/files_I/i9-ec2b0a619005981765565bec8910ac53.pdf;    JOSÉ MARIA FERREIRA JARDIM DA SILVEIRA (UNICAMP) - VINICIUS FERRARI (PUC-CAMPINAS) - MARIA ESTER S. DAL POZ (FCA-UNICAMP);i9;Área 9 - Economia Industrial e da Tecnologia
PUBLIC PROCUREMENT AS INNOVATION POLICY: THE CASE OF THE BRAZILIAN OIL AND GAS SECTOR;https://www.anpec.org.br/encontro/2016/submissao/files_I/i9-6aa2c9f6f9b93776caab2e97c18b85df.pdf;    FREDERICO ROCHA (UFRJ/IE);i9;Área 9 - Economia Industrial e da Tecnologia
SISTEMAS NACIONAIS DE INOVAÇÕES LATINO-AMERICANOS E ASIÁTICOS NO BOOM DAS COMMODITIES: PERDA DE MOMENTO DE UNS E DO CATHING-UP DE OUTROS;https://www.anpec.org.br/encontro/2016/submissao/files_I/i9-b6701df08a7f3ae31abe49fc88e05cc3.docx;    CARLOS EDUARDO MATOS (UFSC) - PABLO FELIPE BITTENCOURT (UFSC/PPGE);i9;Área 9 - Economia Industrial e da Tecnologia
THE UNIVERSITY INDUSTRY LINKAGES AND THE FIRM’S INNOVATIVE PERFORMANCE: EVIDENCE FOR BRAZIL;https://www.anpec.org.br/encontro/2016/submissao/files_I/i9-264cb3cec115f1b51a054681a6f0cc93.pdf;    GISELE SPRICIGO (UNISINOS) - SÉRGIO MARLEY MODESTO MONTEIRO (UFRGS) - RICARDO DA SILVA FREGUGLIA (UFJF);i9;Área 9 - Economia Industrial e da Tecnologia
UMA INVESTIGAÇÃO SOBRE A SINCRONIA ENTRE OS MOVIMENTOS DO COEFICIENTE DE PENETRAÇÃO DE IMPORTAÇÕES, DO CONSUMO E DO INVESTIMENTO NO BRASIL NO PERÍODO 1997-2015;https://www.anpec.org.br/encontro/2016/submissao/files_I/i9-ef66f42d58df3a10678bba9c1ad54e13.pdf;    CLARISSA BLACK (UFRGS);i9;Área 9 - Economia Industrial e da Tecnologia
AVALIAÇÃO DOS IMPACTOS ECONÔMICOS DE INVESTIMENTOS EM RODOVIAS SOB DIFERENTES ALTERNATIVAS DE FINANCIAMENTO;https://www.anpec.org.br/encontro/2016/submissao/files_I/i10-e1e5278b0064c1addcf1ae0357c0e4f1.pdf;    TALES ROZENFELD (USP/IPE) - EDUARDO AMARAL HADDAD (FEA/USP);i10;Área 10 - Economia Regional e Urbana
BRAZILIAN STATES IN GLOBAL VALUE CHAINS: SPATIAL PRODUCTION SYSTEMS INTERPRETED BY FEEDBACK LOOP ANALYSIS;https://www.anpec.org.br/encontro/2016/submissao/files_I/i10-7d3b10e1dfdde6679820f38a35bd35be.pdf;    DENISE IMORI (USP/FEA) - JOAQUIM JOSÉ MARTINS GUILHOTO (USP/FEA) - GEOFFREY J. D. HEWINGS (UIUC);i10;Área 10 - Economia Regional e Urbana
CENTRALIDADE DIGITAL E REDES URBANAS: UM ESTUDO DA HIERARQUIA DIGITAL DOS MUNICÍPIOS BRASILEIROS;https://www.anpec.org.br/encontro/2016/submissao/files_I/i10-b53f1b47ca7aeae048dcad0109c91b6a.pdf;    PEDRO MENDES LOUREIRO (SOAS, UNIVERSITY OF LONDON) - DIEGO LAS CASAS (DCC/UFMG) - ANA FLÁVIA MACHADO (CEDEPLAR/UFMG) - RODRIGO FERREIRA SIMÕES (CEDEPLAR/UFMG);i10;Área 10 - Economia Regional e Urbana
DECOMPOSIÇÃO DA VARIAÇÃO DOS PREÇOS DE IMÓVEIS NAS CIDADES BRASILEIRAS: VALORAÇÃO DE MERCADO, CARACTERÍSTICAS ESTRUTURAIS OU AMENIDADES? UM ESTUDO PARA O CASO DA CIDADE DO RECIFE ;https://www.anpec.org.br/encontro/2016/submissao/files_I/i10-43d50410977e6fcd661b2760a9e9301a.pdf;    ÁLVARO FURTADO COELHO JÚNIOR (UFRPE) - RAUL DA MOTA SILVEIRA NETO (UFPE/PIMES);i10;Área 10 - Economia Regional e Urbana
DEMANDA POR TRANSPORTE NA REGIÃO METROPOLITANA DE SÃO PAULO E POLÍTICA DE PEDÁGIO URBANO PARA REDUÇÃO DE CONGESTIONAMENTO;https://www.anpec.org.br/encontro/2016/submissao/files_I/i10-c8627c2d3e2d483ba386026bc4493223.pdf;    TAINÁ SOUZA PACHECO (USP/FEA) - ANDRÉ LUIS SQUARIZE CHAGAS (USP/FEA);i10;Área 10 - Economia Regional e Urbana
DIMENSÕES DE PROXIMIDADE E TRANSBORDAMENTOS DE CONHECIMENTO: EVIDÊNCIAS A PARTIR DAS CITAÇÕES DE PATENTES;https://www.anpec.org.br/encontro/2016/submissao/files_I/i10-e3431ac7b220d1bea0f0a4fc522b6cfc.pdf;    RAQUEL COELHO REIS (UFJF) - EDUARDO GONÇALVES (UFJF) - INÁCIO FERNANDES DE ARAÚJO JUNIOR (UFJF);i10;Área 10 - Economia Regional e Urbana
EFEITO-VIZINHANÇA E O DESEMPENHO ESCOLAR: O CASO DOS ESTUDANTES DA REDE PÚBLICA DE ENSINO DA CIDADE DO RECIFE;https://www.anpec.org.br/encontro/2016/submissao/files_I/i10-4b62024ce3f9b59e5aff5fca7f96e677.pdf;    JULIA ROCHA ARAUJO (UFPE/PIMES) - JULIA ROCHA ARAUJO (UFPE/PIMES) - RAUL DA MOTA SILVEIRA NETO (UFPE/PIMES);i10;Área 10 - Economia Regional e Urbana
ESCASSEZ DE ÁGUA E MORTALIDADE INFANTIL: NOVAS EVIDÊNCIAS A PARTIR DE UM PAINEL QUANTÍLICO ROBUSTO;https://www.anpec.org.br/encontro/2016/submissao/files_I/i10-5e050a85ce426f5f8821247a5c14ca73.pdf;    ERIK ALENCAR DE FIGUEIREDO (UFPB) - WALLACE PATRICK SANTOS DE FARIAS SOUZA (UFRGS) - FERNANDA LEITE SANTANA (UFPB);i10;Área 10 - Economia Regional e Urbana
FROM RIVERS TO ROADS: SPATIAL MISMATCH AND INEQUALITY OF OPPORTUNITY IN URBAN LABOR MARKETS OF A MEGACITY;https://www.anpec.org.br/encontro/2016/submissao/files_I/i10-b588dc34e483aefedfe268d86455570a.pdf;    EDUARDO AMARAL HADDAD (USP/IPE) - ANA MARIA BONOMI BARUFI (USP);i10;Área 10 - Economia Regional e Urbana
IDENTIFICANDO LOCAL BUZZ E GLOBAL PIPELINES NAS REGIÕES BRASILEIRAS: UMA ANÁLISE DAS REDES DE COINVENTORES DE PATENTES;https://www.anpec.org.br/encontro/2016/submissao/files_I/i10-7e85f64f04c9f9c6958e788c05d3c4aa.pdf;    EDUARDO GONÇALVES (UFJF) - INÁCIO FERNANDES DE ARAÚJO JUNIOR (UFJF) - JULIANA GONÇALVES TAVEIRA (UFJF);i10;Área 10 - Economia Regional e Urbana
IMPACTOS DO DESMATAMENTO, AGRICULTURA, CRESCIMENTO ECONÔMICO E GASTOS MUNICIPAIS NA INCIDÊNCIA DE MALÁRIA NA AMAZÔNIA: UMA ANÁLISE ESPACIAL;https://www.anpec.org.br/encontro/2016/submissao/files_I/i10-1c9191c10865a75cc46c2ed5f87a0b66.pdf;    AUGUSTO SEABRA SANTOS (USP/ESALQ) - ALEXANDRE NUNES DE ALMEIDA (USP/ESALQ);i10;Área 10 - Economia Regional e Urbana
IMPACTOS DO SANEAMENTO BÁSICO SOBRE A SAÚDE: UMA ANÁLISE ESPACIAL;https://www.anpec.org.br/encontro/2016/submissao/files_I/i10-7de8db7dca223dc80a0248fb489891da.docx;    JULIANA SOUZA SCRIPTORE (USP) - CARLOS ROBERTO AZZONI (USP);i10;Área 10 - Economia Regional e Urbana
INVESTIMENTOS ESTRUTURANTES E DESIGUALDADES REGIONAIS NA REGIÃO NORDESTE DO BRASIL;https://www.anpec.org.br/encontro/2016/submissao/files_I/i10-4c55f56701ef4eff99109de39da5cf72.docx;    LUIZ CARLOS DE SANTANA RIBEIRO (UFS) - EDSON PAULO DOMINGUES (CEDEPLAR/UFMG) - FERNANDO SALGUEIRO PEROBELLI (UFJF);i10;Área 10 - Economia Regional e Urbana
LOCATION AND WAGES: THE CONTRIBUTION OF FIRM AND WORKER EFFECTS IN BRAZIL;https://www.anpec.org.br/encontro/2016/submissao/files_I/i10-a0a9badf6ef818a139257a5e00d69873.pdf;    DIANA LÚCIA GONZAGA DA SILVA (USP/IPE) - CARLOS R. AZZONI (USP-IPE);i10;Área 10 - Economia Regional e Urbana
MOBILE GUARDIANSHIP AND CRIME DETERRENCE: EVIDENCES FROM A NATURAL EXPERIMENT IN BRAZIL;https://www.anpec.org.br/encontro/2016/submissao/files_I/i10-895f361749092739101fc5e9b1d2f337.pdf;    ANTONIO VINICIUS BARROS BARBOSA (UFPE/PIMES);i10;Área 10 - Economia Regional e Urbana
NEW EVIDENCE ON THE WAGE CURVE: NON-LINEARITIES, URBAN SIZE, AND SPATIAL SCALE IN BRAZIL;https://www.anpec.org.br/encontro/2016/submissao/files_I/i10-b94c515cd9ff9f074c7db2eced6acadd.pdf;    ANA MARIA BONOMI BARUFI (USP) - EDUARDO AMARAL HADDAD (USP) - PETER NIJKAMP (VU AMSTERDAM);i10;Área 10 - Economia Regional e Urbana
O CICLO DAS COMMODITIES E CRESCIMENTO REGIONAL DESIGUAL NO BRASIL: UMA APLICAÇÃO DE EQUILÍBRIO GERAL COMPUTÁVEL (EGC);https://www.anpec.org.br/encontro/2016/submissao/files_I/i10-9cf78fd1d3fa26e636775ed338ffa035.pdf;    CELSO BISSOLI SESSA (UFES) - THIAGO CAVALCANTE SIMONATO (UFMG) - EDSON PAULO DOMINGUES (UFMG);i10;Área 10 - Economia Regional e Urbana
O LIMÍTROFE DO HORÁRIO DE VERÃO: ANÁLISES QUASE-EXPERIMENTAIS DOS CASOS DA BAHIA E DO TOCANTINS;https://www.anpec.org.br/encontro/2016/submissao/files_I/i10-ab0454ae23cfd4708f06e4354b9a544b.pdf;    DIOGO SIGNOR (UFSC) - FRANCIS CARLO PETTERINI (UFSC) - PEDRO BAPTISTA DOS SANTOS;i10;Área 10 - Economia Regional e Urbana
OFERTA DE TRABALHO E ORIENTAÇÃO SEXUAL: EVIDÊNCIAS PARA O BRASIL;https://www.anpec.org.br/encontro/2016/submissao/files_I/i10-7e5a705e08ef8e99dc26e8221a50c94b.pdf;    GUSTAVO SARAIVA FRIO (PUC-RS) - DANIEL DE ABREU PEREIRA UHR (UFPEL) - JÚLIA GALLEGO ZIERO UHR (UFPEL) - PAULO DE ANDRADE JACINTO (PUCRS);i10;Área 10 - Economia Regional e Urbana
PRICE ASYMMETRY AND RETAILERS HETEROGENEITY IN BRAZILIAN GAS STATIONS;https://www.anpec.org.br/encontro/2016/submissao/files_I/i10-4a1bf043280771944e32f51e82cb716e.pdf;    LEONARDO CHAVES BORGES CARDOSO (FESP-PR) - MAURÍCIO VAZ LOBO BITTENCOURT (UFPR) - ELENA GRACE IRWIN (THE OHIO STATE UNIVERSITY);i10;Área 10 - Economia Regional e Urbana
TERRITORIAL ASPECTS OF THE DEGREE OF NOVELTY OF THE INNOVATION IN BRAZIL;https://www.anpec.org.br/encontro/2016/submissao/files_I/i10-88cd7d09bfa4c67b3863bc8fbcc27e69.pdf;    SUELENE MASCARINI (POLI/USP) - RENATO GARCIA (UNICAMP) - FRANCESCO QUATRARO (UNITO);i10;Área 10 - Economia Regional e Urbana
TOQUE DE RECOLHER PARA CRIANÇAS E ADOLESCENTES E REDUÇÃO DE CRIMINALIDADE: UMA INVESTIGAÇÃO EMPÍRICA PARA OS MUNICÍPIOS DE SÃO PAULO;https://www.anpec.org.br/encontro/2016/submissao/files_I/i10-a9961f652799d4c22eaf9fe655eea9cd.pdf;    LUIS EDUARDO BARBOSA CARAZZA (UFPE/PIMES) - RAUL DA MOTA SILVEIRA-NETO (UFPE-PIMES) - LUCAS EMANUEL (UFPE-PIMES) - BRENO SAMPAIO (UFPE-PIMES);i10;Área 10 - Economia Regional e Urbana
USINAS EÓLICAS E O MERCADO DE TRABALHO NOS MUNICÍPIOS DO NORDESTE BRASILEIRO;https://www.anpec.org.br/encontro/2016/submissao/files_I/i10-d8cc205ee197d4af658822148a2874e7.pdf;    THIAGO ANTONIO PASTORELLI RODRIGUES () - SOLANGE LEDI GONÇALVES (USP/IPE) - ANDRÉ LUIS SQUARIZE CHAGAS (USP/FEA);i10;Área 10 - Economia Regional e Urbana
VIZINHANÇA SETORIAL NA INDÚSTRIA DE TRANSFORMAÇÃO BRASILEIRA;https://www.anpec.org.br/encontro/2016/submissao/files_I/i10-a0863b2f4e561b2bc57d47eaa8f21481.pdf;    MILENE SIMONE TESSARIN (USP/FEA) - PAULO CESAR MORCEIRO (FEA/USP) - ANDRÉ LUIS SQUARIZE CHAGAS (FEA/USP);i10;Área 10 - Economia Regional e Urbana
A INFLUÊNCIA DO PREÇO DAS COMMODITIES NO IPCA: UMA ANÁLISE DINÂMICA POR MEIO DA CURVA DE PHILLIPS;https://www.anpec.org.br/encontro/2016/submissao/files_I/i11-09f853bae6da61952267be16f3eff4d9.pdf;    ANIELA FAGUNDES CARRARA (CENTRO DE ESTUDOS AVANÇADOS EM ECONOMIA APLICADA - CEPEA / ESALQ / USP) - GERALDO SANT’ANA DE CAMARGO BARROS (CEPEA / ESALQ / USP E ESALQ/USP);i11;Área 11 - Economia Agrícola e do Meio Ambiente
ALOCAÇÃO DOS CUSTOS DE PROJETOS DE DESPOLUIÇÃO ENTRE OS MUNICÍPIOS DA BAÍA DE GUANABARA;https://www.anpec.org.br/encontro/2016/submissao/files_I/i11-1da3eb3db18b62841f87715922782ebb.pdf;    GIL BRACARENSE LEITE (UFRJ/IE);i11;Área 11 - Economia Agrícola e do Meio Ambiente
DEMANDA RESIDENCIAL URBANA DE ÁGUA SOB UMA ESTRUTURA DE PREÇOS NÃO LINEARES PARA RECIFE-PE E CUIABÁ-MT;https://www.anpec.org.br/encontro/2016/submissao/files_I/i11-4f8c943df3139e4c0e0478e1e0171e30.pdf;    ELEONORA RIBEIRO CARDOSO (UFPE/PIMES) - ANDREA SALES SOARES DE AZEVEDO MELO (UFPE PIMES) - ARTURO ALEJANDRO ZAVALA ZAVALA (UFMT);i11;Área 11 - Economia Agrícola e do Meio Ambiente
DETERMINANTES DA DAP E DA (IN) CERTEZA POR IMÓVEIS RESIDENCIAIS COM CERTIFICAÇÃO AMBIENTAL ;https://www.anpec.org.br/encontro/2016/submissao/files_I/i11-6bf86c5da9aa2cba2399516caebfef24.pdf;    PATRICIA SOARES DE ARAÚJO CARVALHO (UFPB) - ADRIANO NASCIMENTO DA PAIXÃO (UFPB) - MÁRCIA BATISTA DA FONSECA (UFPB);i11;Área 11 - Economia Agrícola e do Meio Ambiente
DETERMINANTES DA EFICIÊNCIA TÉCNICA NA AGRICULTURA: UM ESTUDO PARA AS CULTURAS DE MILHO E SOJA DO ESTADO DE SÃO PAULO;https://www.anpec.org.br/encontro/2016/submissao/files_I/i11-a12d679699a68b6f4db78db046bbb7ae.pdf;    PEDRO SOARES (USP/ESALQ) - HUMBERTO F. S. SPOLADOR (USP/ESALQ);i11;Área 11 - Economia Agrícola e do Meio Ambiente
ECOINOVAÇÃO TÉCNICA AUMENTA A PERFORMANCE DAS INDÚSTRIAS INOVADORAS?;https://www.anpec.org.br/encontro/2016/submissao/files_I/i11-be55c8c1d03eef2afa4e1e0cd6e737c8.pdf;    OLIVAN DA SILVA RABÊLO (UFPE/PIMES) - ANDREA SALES SOARES DE AZEVEDO MELO (PIMES / UFPE);i11;Área 11 - Economia Agrícola e do Meio Ambiente
EVIDÊNCIAS SOBRE O IMPACTO DO FUNDO AMAZÔNIA NO DESMATAMENTO DA AMAZÔNIA LEGAL BRASILEIRA;https://www.anpec.org.br/encontro/2016/submissao/files_I/i11-0519861a388aabc808ec3029a85ed496.pdf;    ALEXANDRE ALVES PORSSE (UFPR) - DANIEL DE ALENCASTRO BOUCHARDET (UFPR) - ROMANO TIMOFEICZYK JÚNIOR (UFPR);i11;Área 11 - Economia Agrícola e do Meio Ambiente
IMPACTOS ECONÔMICOS DA NOVA REALIDADE DA EXPLORAÇÃO DO PRÉ-SAL. EXISTE UMA AMEAÇA AO ETANOL?;https://www.anpec.org.br/encontro/2016/submissao/files_I/i11-169d90c0689305ba937ffe6866abe19c.pdf;    RAFAEL CAMPOS BISTAFA (FGV-SP/EESP) - ANGELO COSTA GURGEL (FGV-SP/EESP) - SERGEY PALTSEV (MIT);i11;Área 11 - Economia Agrícola e do Meio Ambiente
O EFEITO DA POLÍTICA DO FETHAB PARA A REDUÇÃO DO DESMATAMENTO E AUMENTO DO CONSUMO LEGAL DE MADEIRA EM TORA NO ESTADO DE MATO GROSSO: EVIDÊNCIAS PARA O PERÍODO DE 1998 A 2012;https://www.anpec.org.br/encontro/2016/submissao/files_I/i11-e406dbbeb2a31ee7243a1cb38782da0d.docx;    WYLMOR CONSTANTINO TIVES DALFOVO (UFPE/PIMES) - ANDREA SALES SOARES DE AZEVEDO MELO (UFPE/PIMES);i11;Área 11 - Economia Agrícola e do Meio Ambiente
POLICIES FOR REDUCTION OF GREENHOUSE GASES EMISSION AND THEIR COSTS AND OPPORTUNITIES FOR THE BRAZILIAN INDUSTRY ;https://www.anpec.org.br/encontro/2016/submissao/files_I/i11-449f12f2cfab53911c2c823c2a2689e7.pdf;    ALINE SOUZA MAGALHAES (UFMG/CEDEPLAR) - TERCIANE CARVALHO (UFPR) - EDSON DOMINGUES (CEDEPLAR\UFMG);i11;Área 11 - Economia Agrícola e do Meio Ambiente
PREDICTING AMAZON FIRES FOR POLICY MAKING;https://www.anpec.org.br/encontro/2016/submissao/files_I/i11-3b68242e7c3a5a3a7f24ce256c5d517c.pdf;    THIAGO FONSECA MORELLO (UFABC) - ROSSANO M. RAMOS (IBAMA) - LIANA O. ANDERSON (CEMADEN) - THAIS M. ROSAN - LARA STEIL (IBAMA);i11;Área 11 - Economia Agrícola e do Meio Ambiente
SIMULAÇÃO DOS IMPACTOS ECONÔMICOS DA PROPOSTA BRASILEIRA NA COP21: UMA ABORDAGEM DE EQUILÍBRIO GERAL COMPUTÁVEL;https://www.anpec.org.br/encontro/2016/submissao/files_I/i11-8f88762cddc603eea54b3e7517c41e88.docx;    MICAELE MARTINS DE CARVALHO (UFMG/CEDEPLAR) - MARCO PAULO VIANNA FRANCO (UFMG/CEDEPLAR) - STÉLIO COÊLHO LOMBARDI FILHO (UFMG/CEDEPLAR) - ALINE SOUZA MAGALHÃES (UFMG/CEDEPLAR) - EDSON PAULO DOMINGUES (UFMG/CEDEPLAR);i11;Área 11 - Economia Agrícola e do Meio Ambiente
SPILLOVER EFFECTS OF BLACKLISTING POLICY IN THE BRAZILIAN AMAZON;https://www.anpec.org.br/encontro/2016/submissao/files_I/i11-15e641098bc0a123c808490b9f89e570.pdf;    LUIZA CARDOSO DE ANDRADE (USP/IPE) - ANDRÉ LUIS SQUARIZE CHAGAS (USP/FEA);i11;Área 11 - Economia Agrícola e do Meio Ambiente
SUSTENTABILIDADE DA PESCA MARINHA NO EXTREMO SUL DO BRASIL: UMA MODELAGEM ECONÔMICO-ECOLÓGICA APLICADA;https://www.anpec.org.br/encontro/2016/submissao/files_I/i11-4bf3c97e6d1f3d933045e4db4710d6f1.docx;    CASSIUS ROCHA DE OLIVEIRA (FURG) - FRANCISCO DE SOUZA RAMOS (UFPE);i11;Área 11 - Economia Agrícola e do Meio Ambiente
TECHNICAL ASSISTANCE SUPPORT EFFECT ON BRAZILIAN AGRICULTURAL PERFORMANCE;https://www.anpec.org.br/encontro/2016/submissao/files_I/i11-60db5639fd5ec87a908eeb1f43f67579.pdf;    CARLOS OTÁVIO DE FREITAS (UFV) - FELIPE DE FIGUEIREDO SILVA (UFV) - MATEUS DE CARVALHO REIS NEVES (UFV) - MARCELO JOSÉ BRAGA (UFV);i11;Área 11 - Economia Agrícola e do Meio Ambiente
THE IMPACTS OF CLIMATE CHANGES ON AGRICULTURE PRODUCTION AND ADAPTATIVE STRATEGIES FOR FAMILY FARMERS IN THE BRAZILIAN SERTÃO;https://www.anpec.org.br/encontro/2016/submissao/files_I/i11-f5f57252bdb14bca96ac705153b13375.pdf;    DANIELE CESANO (UNICAMP/IE) - ALEXANDRE GORI MAIA (UNICAMP/IE) - BRUNO CESAR BRITO MIYAMOTO (UNICAMP/IE) - GABRIELA SANTOS EUSEBIO (UNICAMP/IE) - PATRICIA ANDRADE (UNICAMP/IE);i11;Área 11 - Economia Agrícola e do Meio Ambiente
THE LIKELIHOOD OF A WATER MARKET IN BRAZIL;https://www.anpec.org.br/encontro/2016/submissao/files_I/i11-91a3a29859b39634916283542749c587.pdf;    FRANCIS CARLO PETTERINI (UFSC);i11;Área 11 - Economia Agrícola e do Meio Ambiente
THE SHADOW PRICE OF COOPERATIVE MEMBERSHIP ON AGRICULTURE IN THE BRAZILIAN SOUTH AND SOUTHEAST REGIONS;https://www.anpec.org.br/encontro/2016/submissao/files_I/i11-6284318b50554276587095f11c3cd510.pdf;    MATEUS DE CARVALHO REIS NEVES (UFV) - MATEUS DE CARVALHO REIS NEVES (UNIVERSIDADE FEDERAL DE VIÇOSA) - FELIPE DE FIGUEIREDO SILVA (UFV/PPGEA) - CARLOS OTÁVIO FREITAS (UFV/PPGEA) - MARCELO JOSÉ BRAGA (UNIVERSIDADE FEDERAL DE VIÇOSA);i11;Área 11 - Economia Agrícola e do Meio Ambiente
A EXPANSÃO DO CONSUMO E A DINÂMICA DO BEM-ESTAR DAS FAMÍLIAS BRASILEIRAS: UMA ANÁLISE DE DECOMPOSIÇÃO DA DESIGUALDADE;https://www.anpec.org.br/encontro/2016/submissao/files_I/i12-1cc238ee87cefa8de1076cd8abcfd640.pdf;    LEONARDO SANTOS DE OLIVEIRA (IBGE) - VIVIANE C.C. QUINTAES (IBGE) - LUCIANA A. DOS SANTOS (IBGE) - DEBORA F. DE SOUZA (IBGE);i12;Área 12 - Economia Social e Demografia Econômica
ANÁLISE ESPACIAL DA ESTRATÉGIA SAÚDE DA FAMÍLIA (1998/2012) ;https://www.anpec.org.br/encontro/2016/submissao/files_I/i12-4e44b6075520cf9f8b1469b7d8539b08.docx;    SUZANA QUINET DE ANDRADE BASTOS (UFJF) - BRUNO SILVA DE MORAES GOMES (UFJF) - EDUARDO SIMÕES DE ALMEIDA (UFJF);i12;Área 12 - Economia Social e Demografia Econômica
AVALIAÇÃO DE IMPACTO DAS GUARDAS MUNICIPAIS COM O USO DE TRATAMENTOS BINÁRIOS, MULTIVALORADOS E CONTÍNUOS;https://www.anpec.org.br/encontro/2016/submissao/files_I/i12-8870b0821d8efa4815fa58065aa4e01d.pdf;    OLIVEIRA ALVES PEREIRA FILHO (UnB) - MARIA DA CONCEIÇÃO SAMPAIO DE SOUSA (UNIVERSIDADE FEDERAL DA PARAÍBA);i12;Área 12 - Economia Social e Demografia Econômica
AVALIAÇÃO DO ENSINO PROFISSIONALIZANTE: APLICAÇÃO EM DADOS LONGITUDINAIS ;https://www.anpec.org.br/encontro/2016/submissao/files_I/i12-7183c06239e103e3952d9cab07f14ad4.pdf;    FRANCISCA ZILANIA MARIANO (UFC/CAEN) - RONALDO DE ALBUQUERQUE E ARRAES (UFC/CAEN) - RAFAEL BARROS BARBOSA (UFC/DEA);i12;Área 12 - Economia Social e Demografia Econômica
BIRTH ENDOWMENTS AND PARENTAL INVESTMENTS: NEW EVIDENCE FROM TWINS;https://www.anpec.org.br/encontro/2016/submissao/files_I/i12-f71e403a4dcb0237b2060c523d49b2e4.pdf;    DANYELLE BRANCO (UFV/ PPGEA) - BLADIMIR CARRILLO (UFV/PPGEA) - JOSÉ G. FÉRES (IPEA);i12;Área 12 - Economia Social e Demografia Econômica
DINÂMICA DA POBREZA, MUDANÇAS MACROECONÔMICAS E DISPARIDADES REGIONAIS NO BRASIL;https://www.anpec.org.br/encontro/2016/submissao/files_I/i12-686e1b9e46ee6a56d180240555ebcce4.pdf;    DÉRCIO NONATO CHAVES DE ASSIS (UFC/CAEN) - FABRÍCIO CARNEIRO LINHARES (CAEN/UFC);i12;Área 12 - Economia Social e Demografia Econômica
EFEITO VIAGRA: O IMPACTO DO MEDICAMENTO DE BEM-ESTAR SOBRE O COMPORTAMENTO DOS USUÁRIOS DE MEIA-IDADE NO BRASIL;https://www.anpec.org.br/encontro/2016/submissao/files_I/i12-9705b2adf5aa4116c2fd260418894e86.pdf;    FELICIANO LHANOS AZUAGA (UFPE/PIMES) - FELICIANO LHANOS AZUAGA (UNEMAT) - BRENO RAMOS SAMPAIO (UFPE );i12;Área 12 - Economia Social e Demografia Econômica
EFEITOS DO FUNDEF/B SOBRE FREQUÊNCIA ESCOLAR, FLUXO ESCOLAR E TRABALHO INFANTIL: UMA ANÁLISE COM BASE NOS CENSOS DE 2000 E 2010;https://www.anpec.org.br/encontro/2016/submissao/files_I/i12-64baf65a7356a5376128b150593841b0.pdf;    GABRIELA FREITAS DA CRUZ (UFRJ/IE) - RUDI ROCHA (UFRJ/IE);i12;Área 12 - Economia Social e Demografia Econômica
"FREQUÊNCIA AO ENSINO INFANTIL E FORMAÇÃO DE HABILIDADES COGNITIVAS E SOCIOEMOCIONAIS EM ESCOLAS DA REDE ESTADUAL DO RIO DE JANEIRO; UMA ANÁLISE DE MISTURAS FINITAS E PROPENSITY SCORE MATCHING";https://www.anpec.org.br/encontro/2016/submissao/files_I/i12-05141437eda593a6e1b496d2e5f245f9.pdf;    WALCIR SOARES DA SILVA JUNIOR (UFPR) - FLÁVIO DE OLIVEIRA GONÇALVES (UFPR);i12;Área 12 - Economia Social e Demografia Econômica
"GERAÇÃO ""NEM-NEM"": EFEITO DO PROGRAMA BOLSA FAMÍLIA?";https://www.anpec.org.br/encontro/2016/submissao/files_I/i12-07da6e7a64384d828f157c0ec67e314f.pdf;    ANDRESSA MIELKE VASCONCELOS (UFPEL) - FELIPE GARCIA RIBEIRO (UFPEL) - MARCELO DE CARVALHO GRIEBELER (UFRGS) - ANDRÉ CARRARO (UFPEL);i12;Área 12 - Economia Social e Demografia Econômica
IMPACTOS DO PROGRAMA BOLSA FAMILIA NO MERCADO DE TRABALHO E NA RENDA DOS TRABALHADORES RURAIS;https://www.anpec.org.br/encontro/2016/submissao/files_I/i12-43462bc1dd79540c0f88988167ad084a.docx;    EDWARD MARTINS COSTA (UFC) - RAYSSA ALEXANDRE COSTA (ESALQ/USP) - FRANCISCA ZILANIA MARIANO (CAEN/UFC) - DANIELLA MEDEIROS CAVALCANTI;i12;Área 12 - Economia Social e Demografia Econômica
INSERÇÃO POLÍTICA DAS MULHERES NOS MUNICÍPIOS BRASILEIROS: A EFICIÊNCIA DA COTA DE GÊNERO NA ELEIÇÃO DE 2012;https://www.anpec.org.br/encontro/2016/submissao/files_I/i12-86190fc78dcd53f1580303fc62307fc4.pdf;    LIANA BOHN (UFSC) - EVA YAMILA DA SILVA CATELA (UFSC);i12;Área 12 - Economia Social e Demografia Econômica
IS TRACKING BENE
CIAL? STUDY OF TRACKING USING PEER EFFECTS.;https://www.anpec.org.br/encontro/2016/submissao/files_I/i12-341b3a8fbfe1058bad4a1496cbdcc821.pdf;    MATEUS MOREIRA DE SOUZA (UFPE) - ISABEL RAPOSO (FUNDAJ) - TATIANE MENEZES (UFPE);i12;Área 12 - Economia Social e Demografia Econômica
O FIM DO FATOR PREVIDENCIÁRIO E A INTRODUÇÃO DA IDADE MÍNIMA: QUESTÕES PARA A PREVIDÊNCIA SOCIAL NO BRASIL ;https://www.anpec.org.br/encontro/2016/submissao/files_I/i12-5c2d243495fdf8bc7f1b063bc0739a77.docx;    MARCELO ABI-RAMIA CAETANO (IPEA) - LEONARDO, EDUARDO, GRAZIELA, LUIS E ROGERIO (IPEA);i12;Área 12 - Economia Social e Demografia Econômica
O IMPACTO DAS APOSENTADORIAS PRECOCES NA PRODUÇÃO E NA PRODUTIVIDADE DOS TRABALHADORES BRASILEIROS;https://www.anpec.org.br/encontro/2016/submissao/files_I/i12-dbc22f5a00bc86336e8b6f9db0250e26.docx;    LUIS HENRIQUE DA SILVA DE PAIVA (IPEA) - LEONARDO ALVES RANGEL (IPEA) - MARCELO ABI-RAMIA CAETANO (IPEA);i12;Área 12 - Economia Social e Demografia Econômica
OS EFEITOS DA APOSENTADORIA NA SAÚDE DOS IDOSOS NA CIDADE DE SÃO PAULO;https://www.anpec.org.br/encontro/2016/submissao/files_I/i12-b78dc4f37f7082f7c55dfa801ed39bb2.pdf;    ANDRÉ GAL MOUNTIAN (USP) - MARIA DOLORES MONTOYA DIAZ (FEA-USP) - MARIA LÚCIA LEBRÃO (FACULDADE DE SAÚDE PÚBLICA-USP) - YEDA APARECIDA DE OLIVEIRA DUARTE (ESCOLA DE ENFERMAGEM-USP);i12;Área 12 - Economia Social e Demografia Econômica
PAIS NA ESCOLA: AVALIAÇÃO DO PROGRAMA COORDENADOR DE PAIS NO ESPÍRITO SANTO;https://www.anpec.org.br/encontro/2016/submissao/files_I/i12-f83ccf5881fca9f52c93bedcc0cc72fe.pdf;    PAULA CARVALHO PEREDA (USP/FEA) - ANDREA LUCCHESI (USP/EACH) - LUAN PACIÊNCIA (USP/FEA E FUNDAÇÃO ITAU SOCIAL) - CLARISSA TEIXEIRA (FUNDAÇÃO ITAU SOCIAL);i12;Área 12 - Economia Social e Demografia Econômica
PEER EFFECTS AND SCHOLASTIC ACHIEVEMENT: EVIDENCE OF CAUSAL EFFECTS USING AGE AT SCHOOL ENTRY AS EXOGENOUS VARIATION FOR PEER QUALITY;https://www.anpec.org.br/encontro/2016/submissao/files_I/i12-0157c69ac7774e954819003708bc8f7a.docx;    ISABEL PESSOA DE ARRUDA RAPOSO (FUNDAJ) - MICHELA BARRETO CAMBOIM GONÇALVES (FUNDAJ);i12;Área 12 - Economia Social e Demografia Econômica
PEER NON-COGNITIVE SELF-PERCEPTION AND SCHOOL PERFORMANCE: ESTIMATES USING THE STUDENT FRIENDSHIP NETWORK AT CLASSROOM LEVEL;https://www.anpec.org.br/encontro/2016/submissao/files_I/i12-f19bf436f90d6e93cba0deea40b367fe.docx;    MICHELA BARRETO CAMBOIM GONÇALVES (FUNDAJ) - ISABEL PESSOA DE ARRUDA RAPOSO (FUNDAJ);i12;Área 12 - Economia Social e Demografia Econômica
POLÍTICAS PÚBLICAS EM AMBIENTES CONFLITUOSOS: OS CENTROS EDUCACIONAIS UNIFICADOS E VIOLÊNCIA URBANA EM SÃO PAULO;https://www.anpec.org.br/encontro/2016/submissao/files_I/i12-074a9e88805d5d4282e545d712863de1.pdf;    MARCOS KI HYUNG LEE (USP/FEA) - RÔMULLO CARVALHO DA SILVA (USP/FEA);i12;Área 12 - Economia Social e Demografia Econômica
POVERTY AND INEQUALITY DYNAMICS IN MANAUS: LEGACY OF A FREE TRADE ZONE?;https://www.anpec.org.br/encontro/2016/submissao/files_I/i12-d0fcaced46d8a4232223fe865e36852b.pdf;    MARTA DOS REIS CASTILHO (UFRJ/IE) - MARTA MENÉNDEZ (PSL-UPD) - AUDE SZTULMAN (PSL-UPD);i12;Área 12 - Economia Social e Demografia Econômica
PROJETOS DE DESENVOLVIMENTO RURAL E TRANSFERÊNCIA CONDICIONADA DE RENDA: IMPACTOS ISOLADOS E DA SINERGIA ENTRE BOLSA FAMÍLIA E PROJETO PRÓ-GAVIÃO;https://www.anpec.org.br/encontro/2016/submissao/files_I/i12-1012be886063e7e00bac277188cd88af.pdf;    LORENA VIEIRA COSTA LELIS (UFV/ PPGEA) - STEVEN M. HELFAND (UNIVERSITY OF CALIFORNIA, RIVERSIDE);i12;Área 12 - Economia Social e Demografia Econômica
"PROTESTOS CONTRA O GOVERNO DILMA E A CORRUPÇÃO NO BRASIL: O ""EFEITO DIPLOMA''";https://www.anpec.org.br/encontro/2016/submissao/files_I/i12-729fbcdd061018c5cae2548855ac7fbc.pdf;    MARCELO JUSTUS (UNICAMP/IE) - GUSTAVO O. AGGIO (UNICAMP/IE);i12;Área 12 - Economia Social e Demografia Econômica
"QUEM SÃO OS DOCENTES QUE ""EVADEM""? UMA ANÁLISE DAS CARACTERÍSTICAS RELACIONADAS AO ATRITO DOCENTE NA REDE ESTADUAL DE SÃO PAULO.";https://www.anpec.org.br/encontro/2016/submissao/files_I/i12-79a2f33a36c4684a6978d62edf508682.pdf;    VICTÓRIA MAZÁS MARTINEZ (USP/FEA-RP) - ELAINE TOLDO PAZELLO (USP/FEA-RP);i12;Área 12 - Economia Social e Demografia Econômica
RETENÇÃO E EVASÃO NO ENSINO SUPERIOR BRASILEIRO: UMA ANÁLISE DOS EFEITOS DA BOLSA PERMANÊNCIA DO PNAES;https://www.anpec.org.br/encontro/2016/submissao/files_I/i12-707be73e05304f27eb9f18ae5d235c9d.pdf;    ALICE SACCARO (PUC-RS) - MARCO TULIO ANICETO FRANÇA (PUCRS) - PAULO DE ANDRADE JACINTO (PUCRS);i12;Área 12 - Economia Social e Demografia Econômica
THE CONTRIBUTION OF MINIMUM WAGE VALORIZATION POLICY TO THE DECLINE IN HOUSEHOLD INCOME INEQUALITY IN BRAZIL: A DECOMPOSITION APPROACH;https://www.anpec.org.br/encontro/2016/submissao/files_I/i12-e56ccb0b132d84d66d30c20e12d3f37f.pdf;    ALESSANDRA SCALIONI BRITO (IBGE) - MIGUEL FOGUEL (IPEA) - CELIA KERSTENETZKY (CEDE-UFF);i12;Área 12 - Economia Social e Demografia Econômica
THE EFFECTS OF GOVERNMENTAL INCENTIVES ON HIGHER EDUCATION CHOICE: A THEORETICAL MODEL;https://www.anpec.org.br/encontro/2016/submissao/files_I/i12-d7e983971e9365df27e7ab2b3d8ed781.pdf;    CAMILA RAFAELA ALVARENGA (UFV/ PPGEA) - JOANNA GEORGIOS ALEXOPOULOS (UEL);i12;Área 12 - Economia Social e Demografia Econômica
THE SHORT-TEM IMPACTS OF LOW BIRTH WEIGHT ON HEALTH: EVIDENCE FROM BRAZIL;https://www.anpec.org.br/encontro/2016/submissao/files_I/i12-68b10aadb8ecd85046fc7bbc001ad412.pdf;    BLADIMIR CARRILLO (UFV/ PPGEA) - JOSE G. FERES (IPEA);i12;Área 12 - Economia Social e Demografia Econômica
UMA ANÁLISE DO IMPACTO DO DIRETOR ELEITO SOBRE O DESEMPENHO EDUCACIONAL EM UM ESTADO DO BRASIL;https://www.anpec.org.br/encontro/2016/submissao/files_I/i12-31e91f0fecaa49d2a5fdfbf7f727d81e.docx;    FERNANDA JULYANNA SILVA DOS SANTOS (UFRN) - RAQUEL MENEZES BEZERRA SAMPAIO (UFRN) - LUCIANO MENEZES BEZERRA SAMPAIO (UFRN);i12;Área 12 - Economia Social e Demografia Econômica
VULNERABILITY TO POVERTY IN BRAZILIAN MUNICIPALITIES IN 2000 AND 2010: A MULTIDIMENSIONAL APPROACH;https://www.anpec.org.br/encontro/2016/submissao/files_I/i12-40e5240b0a897ebf538bf5a3d08fba40.pdf;    GUILHERME OTTONI TEIXEIRA COSTA (UFMG/CEDEPLAR) - ANA FLÁVIA MACHADO (UFMG/CEDEPLAR) - PEDRO V. M. DO AMARAL (UFMG/CEDEPLAR);i12;Área 12 - Economia Social e Demografia Econômica
ANÁLISE DE IMPACTO DO FIES SOBRE O SALÁRIO DO TRABALHADOR FORMAL;https://www.anpec.org.br/encontro/2016/submissao/files_I/i13-7a36172c5226550887c715fc5efc85dc.pdf;    WILSIMARA MACIEL ROCHA (UCB) - PHILIPP EHRL (UCB) - LEONARDO M. MONASTERIO (UCB E IPEA);i13;Área 13 - Economia do Trabalho
AS CONDIÇÕES DE SAÚDE AFETAM OS RENDIMENTOS DO TRABALHO? EVIDÊNCIAS PARA O MERCADO DE TRABALHO NO BRASIL;https://www.anpec.org.br/encontro/2016/submissao/files_I/i13-0b7a0fbc5ee2c19570334e8c6fcea3b5.pdf;    WALLACE PATRICK SANTOS DE FARIAS SOUZA (UFRGS) - FLÁVIO AUGUSTO ZIEGELMANN (UFRGS) - ERIK FIGUEIREDO (UFPB);i13;Área 13 - Economia do Trabalho
DIFERENCIAIS DE RENDIMENTOS ENTRE RAÇAS E GÊNEROS NAS REGIÕES METROPOLITANAS, POR NÍVEIS OCUPACIONAIS: UMA ANÁLISE ATRAVÉS DO PAREAMENTO DE ÑOPO;https://www.anpec.org.br/encontro/2016/submissao/files_I/i13-d120db927f556a811bbf794a3690e62c.docx;    DANIEL BARBOZA GUIMARAES (UFC) - FRANCISCA ZILANIA MARIANO (UFC/SOBRAL) - EDWARD MARTINS COSTA (MAER/UFC) - DANIEL TOMAZ DE SOUSA (CAEN/UFC);i13;Área 13 - Economia do Trabalho
DOES WAGE REFLECT LABOR PRODUCTIVITY? A COMPARISON BETWEEN BRAZIL AND THE UNITED STATES;https://www.anpec.org.br/encontro/2016/submissao/files_I/i13-bd0c303efdbd6d2e34203288b0ff0923.pdf;    ALEXANDRE GORI MAIA (UNICAMP/IE) - ARTHUR SAKAMOTO (TEXAS A&M UNIVERSITY);i13;Área 13 - Economia do Trabalho
EFEITO INDICAÇÃO, PROCURA POR EMPREGO E SALÁRIOS;https://www.anpec.org.br/encontro/2016/submissao/files_I/i13-a2e454cafb5260a02d3221a1adb1a2b0.pdf;    VICTOR OLIVEIRA (UFRGS);i13;Área 13 - Economia do Trabalho
ESFORÇO DE BUSCA POR EMPREGO E EFEITO EXAUSTÃO DO PROGRAMA DE SEGURO-DESEMPREGO NO BRASIL ;https://www.anpec.org.br/encontro/2016/submissao/files_I/i13-cc8145903b3a3c197e55cc6ec57343e5.pdf;    SILVANDO CARMO DE OLIVEIRA (UFC/CAEN) - RICARDO BRITO SOARES (UFC/CAEN);i13;Área 13 - Economia do Trabalho
FATORES ASSOCIADOS À PARTICIPAÇÃO NO MERCADO DE TRABALHO CULTURAL BRASILEIRO;https://www.anpec.org.br/encontro/2016/submissao/files_I/i13-63251f016eaca5a386e9760d95ccc7d7.pdf;    DANYELLA JULIANA MARTINS DE BRITO (UFMG/CEDEPLAR) - STÉLIO COÊLHO LOMBARDI FILHO (UFMG/CEDEPLAR);i13;Área 13 - Economia do Trabalho
IMPACTO DO FINANCIAMENTO HABITACIONAL SOBRE O MERCADO DE TRABALHO NA CONSTRUÇÃO CIVIL;https://www.anpec.org.br/encontro/2016/submissao/files_I/i13-078e5aa7c85d56a5c94e545ff22da9c8.pdf;    CARLOS EDUARDO DE FREITAS (UFMT) - FÁBIO NISHIMURA (UFMT) - ROSELAINE ALMEIDA (UFGD);i13;Área 13 - Economia do Trabalho
MARKET-SHARE E DIFERENCIAIS SALARIAIS INTER OCUPACIONAIS: UMA ANÁLISE EM PAINEL PARA O SETOR INDUSTRIAL BRASILEIRO DE 2007 A 2013;https://www.anpec.org.br/encontro/2016/submissao/files_I/i13-34f84fb0d45de43e450102be13fe860a.docx;    CAROLINA MORAES SARMENTO DE ASSIS (UFJF) - RICARDO FREGUGLIA (UFJF) - CARLOS HENRIQUE CORSEUIL (IPEA);i13;Área 13 - Economia do Trabalho
MERGER EMPLOYMENT EFFECTS IN PRIVATE HIGHER EDUCATION;https://www.anpec.org.br/encontro/2016/submissao/files_I/i13-8584518dfd4f42357d01a34118b9e13e.pdf;    EDUARDO PONTUAL RIBEIRO (UFRJ/IE);i13;Área 13 - Economia do Trabalho
O EFEITO DE APOSENTADORIAS, PENSÕES E PROGRAMAS SOCIAIS NA FREQUÊNCIA ESCOLAR E OFERTA DE TRABALHO DOS JOVENS BRASILEIROS;https://www.anpec.org.br/encontro/2016/submissao/files_I/i13-d275ae68c86a63f7e9105f24ddc4f908.docx;    LUCIANA DE OLIVEIRA RODRIGUES (UFC) - EDWARD MARTINS COSTA (MAER/UFC) - FRANCISCA ZILANIA MARIANO (UFC/SOBRAL);i13;Área 13 - Economia do Trabalho
OUTSOURCING AND EFFICIENCY WAGES: THE CASE OF BRAZIL ;https://www.anpec.org.br/encontro/2016/submissao/files_I/i13-10cb07e200cbcd5a6abc7ac504615013.pdf;    CARLOS ALBERTO BELCHIOR DORIA CARNEIRO (UnB) - GEOVANA LORENA BERTUSSI (UNB);i13;Área 13 - Economia do Trabalho
RETURNS TO SCHOOLING AND QUALITY OF EDUCATION IN BRAZIL: EVIDENCE FROM MIGRANTS DATA;https://www.anpec.org.br/encontro/2016/submissao/files_I/i13-d81e3fcbec7492896a45e2c5c6788db7.pdf;    LUIZ MÁRIO MARTINS BROTHERHOOD (FGV-RJ/EPGE) - PEDRO CAVALCANTI FERREIRA (FGV-RJ/EPGE) - CEZAR SANTOS (FGV-RJ/EPGE);i13;Área 13 - Economia do Trabalho
SALÁRIO MÍNIMO E DESIGUALDADE DO RENDIMENTO DO TRABALHO NO BRASIL;https://www.anpec.org.br/encontro/2016/submissao/files_I/i13-68e2fac06861ed1eb4d8eef7226aa8cf.pdf;    DANIELLE CARUSI MACHADO (UFF) - CELIA LESSA KERSTENETZKY (UFF) - ALESSANDRA SCALIONI BRITO (IBGE);i13;Área 13 - Economia do Trabalho
THE DETERRENT EFFECTS OF BRAZILLIAN CHILD LABOR LAW;https://www.anpec.org.br/encontro/2016/submissao/files_I/i13-6913734e3d21e97756f425a28a866e70.pdf;    GABRIEL COSTEIRA MACHADO (FURG) - CRISTIANO AGUIAR DE OLIVEIRA (FURG);i13;Área 13 - Economia do Trabalho
TRABALHO FORMAL-INFORMAL FEMININO NO BRASIL: UMA DECOMPOSIÇÃO DOS DIFERENCIAIS DE RENDIMENTOS (2000-2010);https://www.anpec.org.br/encontro/2016/submissao/files_I/i13-d2e3c895cc152a8b5bb6c1890b9eec94.pdf;    FRANCIELI TONET MACIEL (UFMG/CEDEPLAR) - ANA MARIA HERMETO CAMILO DE OLIVEIRA (UFMG/CEDEPLAR);i13;Área 13 - Economia do Trabalho
TRABALHO INFANTIL E ESTRUTURA FAMILIAR: O PAPEL DO DIVÓRCIO;https://www.anpec.org.br/encontro/2016/submissao/files_I/i13-d942b465ef4946a30d0123de5f05c3a3.pdf;    SHIRLEY PEREIRA DE MESQUITA (UFPB) - WALLACE PATRICK SANTOS DE FARIAS SOUZA (UFRGS);i13;Área 13 - Economia do Trabalho
