texto;links;code_area;area
A ECONOMIA INSTITUCIONAL DE THORSTEIN VEBLEN E A ECONOMIA COMPORTAMENTAL DE DANIEL KAHNEMAN & AMOS TVERSKY: UMA ANÁLISE DE PONTOS CONVERGENTES;https://www.anpec.org.br/encontro/2019/submissao/files_I/i1-927623096775835ccc93afe8e3f208fb.docx;i1;Área 1 - História do Pensamento Econômico e Metodologia
DAVIDSON E SEARLE NO DEBATE METODOLÓGICO DA ILUSTRÍSSIMA DE 2016: NOVAS CONTRIBUIÇÕES A UMA ANTIGA DISCUSSÃO;https://www.anpec.org.br/encontro/2019/submissao/files_I/i1-7f2a7f8468bf4f1702cb596729abef42.pdf;i1;Área 1 - História do Pensamento Econômico e Metodologia
ECONOMIC THEORY AND (ONTOLOGICAL) REDUCTIONISM: SOME PITFALLS IN THE ROAD OF THE MICROFOUNDATIONS PROJECT;https://www.anpec.org.br/encontro/2019/submissao/files_I/i1-739b3663a1b3eb7f6a6c05fce8d75105.pdf;i1;Área 1 - História do Pensamento Econômico e Metodologia
GENDER AND RACE ANALYSIS IN HETERODOX JOURNALS: A BIBLIOMETRICS STUDY;https://www.anpec.org.br/encontro/2019/submissao/files_I/i1-081bdc15fdcd3f43114f9411279ad950.pdf;i1;Área 1 - História do Pensamento Econômico e Metodologia
INTEGRIDADE CIENTÍFICA NOS PERIÓDICOS BRASILEIROS DA ÁREA DE ECONOMIA;https://www.anpec.org.br/encontro/2019/submissao/files_I/i1-4d65f7a001c7d586f1d08d939468dc10.pdf;i1;Área 1 - História do Pensamento Econômico e Metodologia
JOHN MAYNARD KEYNES BETWEEN OLD AND NEW INSTITUTIONALISM;https://www.anpec.org.br/encontro/2019/submissao/files_I/i1-1018508562ac4d2a35b5fe6a8c8315a8.pdf;i1;Área 1 - História do Pensamento Econômico e Metodologia
O LEGADO DE FRIEDRICH LIST NO SÉCULO XX E O DEBATE SOBRE INTEGRAÇÃO ECONÔMICA EUROPÉIA;https://www.anpec.org.br/encontro/2019/submissao/files_I/i1-fcbca369f8cacf7c81357eb12a651235.pdf;i1;Área 1 - História do Pensamento Econômico e Metodologia
OS SESSENTA ANOS DE FORMAÇÃO ECONÔMICA DO BRASIL: PENSAMENTO, HISTÓRIA E HISTORIOGRAFIA;https://www.anpec.org.br/encontro/2019/submissao/files_I/i1-e6503675bfaccbb6fbb3284a396d14fc.pdf;i1;Área 1 - História do Pensamento Econômico e Metodologia
PATTERNS OF INTERDISCIPLINARY CITATIONS AND ASYMMETRY BETWEEN ECONOMICS AND THE NEIGHBORING SOCIAL SCIENCES FROM 1959 TO 2018;https://www.anpec.org.br/encontro/2019/submissao/files_I/i1-440494fff9c8d57d6ab47ddcf050161a.pdf;i1;Área 1 - História do Pensamento Econômico e Metodologia
PREFERENCE, UTILITY, AND KOOPMANS'S CONTRIBUTIONS TO MODERN MACROECONOMICS;https://www.anpec.org.br/encontro/2019/submissao/files_I/i1-1ae5cce9b709096b1b86af8488648f2b.pdf;i1;Área 1 - História do Pensamento Econômico e Metodologia
REACTING TO SAMUELSON: EARLY DEVELOPMENT ECONOMICS AND THE FACTOR-PRICE EQUALIZATION THEOREM;https://www.anpec.org.br/encontro/2019/submissao/files_I/i1-073cef918cc02dc926440c3f71156f17.pdf;i1;Área 1 - História do Pensamento Econômico e Metodologia
RECONSIDERING FRANK KNIGHT AS AN AMERICAN INSTITUTIONALIST;https://www.anpec.org.br/encontro/2019/submissao/files_I/i1-5829c3e050874d2f10df2d83f9473ae8.pdf;i1;Área 1 - História do Pensamento Econômico e Metodologia
RETÓRICA E EVIDÊNCIA EMPÍRICA: A METODOLOGIA DA ECONOMIA À LUZ DE UM DIÁLOGO ARIDA-MCCLOSKEY;https://www.anpec.org.br/encontro/2019/submissao/files_I/i1-3f1128acb8e9519772f3fa097aa2f465.pdf;i1;Área 1 - História do Pensamento Econômico e Metodologia
ROBERT TORRENS, THE QUANTITATIVE METHOD AND THE GENERAL GLUT CONTROVERSY;https://www.anpec.org.br/encontro/2019/submissao/files_I/i1-268a5fda5dba0216f17fa1bc124d1733.pdf;i1;Área 1 - História do Pensamento Econômico e Metodologia
TO RANDOMIZE OR TO NOT RANDOMIZE? 1970S PRINCETONIAN SOLUTIONS FOR SELECTION BIAS;https://www.anpec.org.br/encontro/2019/submissao/files_I/i1-e63f3239eddc526b2be0235346712b59.pdf;i1;Área 1 - História do Pensamento Econômico e Metodologia
A GUERRA DE TODOS CONTRA TODOS E A LAVA JATO: A CRISE BRASILEIRA E A VITÓRIA DO CAPITÃO JAIR BOLSONARO;https://www.anpec.org.br/encontro/2019/submissao/files_I/i2-7ccae5bba81dd4d339951f62a7c52a8e.pdf;i2;Área 2 - Economia Política
A PROPOSED MONETARY DETERMINATION OF INTERNATIONAL PRICES;https://www.anpec.org.br/encontro/2019/submissao/files_I/i2-b0060ee8e9930ef0996aac101600cc69.docx;i2;Área 2 - Economia Política
NOTAS CRÍTICAS SOBRE O PAPEL DO DINHEIRO NO DEBATE MARXISTA DA INFLAÇÃO;https://www.anpec.org.br/encontro/2019/submissao/files_I/i2-0cfacf831159858455ccfc4d14938662.pdf;i2;Área 2 - Economia Política
O MÉTODO DIALÉTICO E A ESTRUTURA DE O CAPITAL: NOTAS PARA UM DEBATE;https://www.anpec.org.br/encontro/2019/submissao/files_I/i2-361de1ab618adf765ef0034960264d22.docx;i2;Área 2 - Economia Política
THE LONG EXPANSION AND THE PROFIT SQUEEZE: OUTPUT AND PROFIT CYCLES IN BRAZIL (1996-2016);https://www.anpec.org.br/encontro/2019/submissao/files_I/i2-e0cbb115f5e9afd0a28d88c457e282b6.pdf;i2;Área 2 - Economia Política
UNCONVENTIONAL MONETARY POLICIES: LESSONS FROM THE PAST AND THE PRESENT TO FUTURE MONETARY POLICY FRAMEWORKS;https://www.anpec.org.br/encontro/2019/submissao/files_I/i2-dd836f16676e132462d3860e2d158bf1.pdf;i2;Área 2 - Economia Política
ASPECTOS CAMBIAIS DO GOVERNO DUTRA (1946-1951);https://www.anpec.org.br/encontro/2019/submissao/files_I/i3-b4c1f29ec1b2ef6f293bb41144c3710c.pdf;i3;Área 3 - História Econômica
DEMOCRACIA, CAFÉ, BANANA E DEFAULT: DÍVIDA SOBERANA NA COSTA RICA, 1871-1911;https://www.anpec.org.br/encontro/2019/submissao/files_I/i3-a3bad5889fcc5c97e9cefde61f09a615.pdf;i3;Área 3 - História Econômica
ESTADO NOVO DE VARGAS: UM CASO DE POPULISMO ECONÔMICO?;https://www.anpec.org.br/encontro/2019/submissao/files_I/i3-5e6c58cb22922d95e794a3ae4c228d7b.pdf;i3;Área 3 - História Econômica
ESTRUTURA FUNDIÁRIA E CONCENTRAÇÃO DA POSSE DA TERRA NA COLÔNIA DE IMIGRANTES DONA FRANCISCA (JOINVILLE), SANTA CATARINA, 1850-1920;https://www.anpec.org.br/encontro/2019/submissao/files_I/i3-9a8b2c103a4ca3b2f4fce4e08d723a04.pdf;i3;Área 3 - História Econômica
HORÁCIO LAFER NO MINISTÉRIO DA FAZENDA: UM FIEL DA BALANÇA?;https://www.anpec.org.br/encontro/2019/submissao/files_I/i3-ae0d860f4dc95c35d4a8c2e61f390d50.pdf;i3;Área 3 - História Econômica
IMIGRANTES E FAZENDEIROS NO ALVORECER DA INDÚSTRIA PAULISTA: A FORMAÇÃO DA CIA. MECÂNICA E IMPORTADORA DE SÃO PAULO (1882-1892);https://www.anpec.org.br/encontro/2019/submissao/files_I/i3-aef3e161e03860e668883165ec2934b5.pdf;i3;Área 3 - História Econômica
O INVESTIMENTO NA INDÚSTRIA ANTES DE 1930: UMA ANÁLISE EMPÍRICA COM REGISTROS DE EMPRESAS DA JUNTA COMERCIAL DO ESTADO DE SÃO PAULO, 1911-1920;https://www.anpec.org.br/encontro/2019/submissao/files_I/i3-b5d05efc952f60d332a5bf74ee76cbef.pdf;i3;Área 3 - História Econômica
SOBRE A INTENCIONALIDADE DO GOVERNO VARGAS NO PROCESSO DE INDUSTRIALIZAÇÃO DA DÉCADA DE 30: UMA ANÁLISE DAS MODIFICAÇÕES INSTITUCIONAIS INDUZIDAS PELO GOVERNO, NO ÂMBITO DAS INSTITUIÇÕES DE FINANCIAMENTO.;https://www.anpec.org.br/encontro/2019/submissao/files_I/i3-19b1bb1b06d51a864702daa1ef57155c.pdf;i3;Área 3 - História Econômica
UM TESTE DE QUEBRA ESTRUTURAL PARA A HIPÓTESE DE DESLOCAMENTO DO CENTRO DINÂMICO NA INDÚSTRIA BRASILEIRA NOS ANOS 1930;https://www.anpec.org.br/encontro/2019/submissao/files_I/i3-1d982968129537f9015f21a6f9e575c5.pdf;i3;Área 3 - História Econômica
CHANGES IN CENTRAL BANK PREFERENCES: AN EMPIRICAL STUDY FOR BRAZIL;https://www.anpec.org.br/encontro/2019/submissao/files_I/i4-73b775e10896ce5e3dc92e5ff0e5a2ef.pdf;i4;Área 4 - Macroeconomia, Economia Monetária e Finanças
CHOQUES ANTECIPADOS DE POLÍTICA MONETÁRIA: UMA INVESTIGAÇÃO PARA A ECONOMIA BRASILEIRA;https://www.anpec.org.br/encontro/2019/submissao/files_I/i4-1a35def2e30fbfd975a5962f09a709de.pdf;i4;Área 4 - Macroeconomia, Economia Monetária e Finanças
CHOQUES ENERGÉTICOS E AMBIENTAIS EM UM MODELO E-DSGE;https://www.anpec.org.br/encontro/2019/submissao/files_I/i4-1a3875dab561d88b7e27a72d32239e1a.pdf;i4;Área 4 - Macroeconomia, Economia Monetária e Finanças
CHOQUES FISCAIS TEMPORÁRIOS E TAXA DE JURO REAL: O CANAL DA RESTRIÇÃO ORÇAMENTÁRIA INTERTEMPORAL DO GOVERNO;https://www.anpec.org.br/encontro/2019/submissao/files_I/i4-ae221febeb49833bc49e689d59ed45d4.pdf;i4;Área 4 - Macroeconomia, Economia Monetária e Finanças
COMBINANDO GMM E ESTIMAÇÃO BAYESIANA PARA ANALISAR A INTERAÇÃO ENTRE POLÍTICA FISCAL E MONETÁRIA NA ECONOMIA DO BRASIL;https://www.anpec.org.br/encontro/2019/submissao/files_I/i4-09605289b48179696350f3514dcf34b1.pdf;i4;Área 4 - Macroeconomia, Economia Monetária e Finanças
DETERMINANTES ROBUSTOS DO CRESCIMENTO NOS ESTADOS BRASILEIROS: UMA ABORDAGEM BAYESIANA;https://www.anpec.org.br/encontro/2019/submissao/files_I/i4-0401f8738d9cdd48b9750a898a9d394e.pdf;i4;Área 4 - Macroeconomia, Economia Monetária e Finanças
DINÂMICA DOS CICLOS ECONÔMICOS NO MERCADO DE TRABALHO FORMAL DOS ESTADOS BRASILEIROS;https://www.anpec.org.br/encontro/2019/submissao/files_I/i4-a4d2339e6c2fbfb054d6a571b9d84ac5.docx;i4;Área 4 - Macroeconomia, Economia Monetária e Finanças
ECONOMIC POLICY COORDINATION IN THE EMU AND BRAZIL;https://www.anpec.org.br/encontro/2019/submissao/files_I/i4-f9dea2afafbb1b491e7b115700fa7346.pdf;i4;Área 4 - Macroeconomia, Economia Monetária e Finanças
EXPECTATIVAS DE INFLAÇÃO DECLARADAS E EFETIVAS: UMA ANÁLISE PARA O CASO BRASILEIRO;https://www.anpec.org.br/encontro/2019/submissao/files_I/i4-3044e0d35fbb1b6a7a471b02e61c5c17.docx;i4;Área 4 - Macroeconomia, Economia Monetária e Finanças
FISCAL POLICY FOR PUBLIC DEBT STABILIZATION IN A MULTIPLE HOUSEHOLD DYNAMIC GENERAL EQUILIBRIUM MODEL FOR BRAZIL;https://www.anpec.org.br/encontro/2019/submissao/files_I/i4-9aa399b266df88f8b3f61f442c1f3419.pdf;i4;Área 4 - Macroeconomia, Economia Monetária e Finanças
GERENCIAMENTO DA DÍVIDA PÚBLICA E A INTERAÇÃO ENTRE POLÍTICA MONETÁRIA E FISCAL: UM MODELO DSGE PARA A ECONOMIA BRASILEIRA;https://www.anpec.org.br/encontro/2019/submissao/files_I/i4-f1e65451848e8bfc352e836d0536fa00.pdf;i4;Área 4 - Macroeconomia, Economia Monetária e Finanças
IMPACTS OF MICROECONOMIC UNCERTAINTY SHOCKS ON THE AGGREGATE ECONOMY: AN ANALYSIS FOR BRAZIL;https://www.anpec.org.br/encontro/2019/submissao/files_I/i4-bcf101fe871cceb57f432e063847b8f3.pdf;i4;Área 4 - Macroeconomia, Economia Monetária e Finanças
INFLATION AND RELATIVE PRICE VARIABILITY IN BRAZIL FROM 1989 TO 2007;https://www.anpec.org.br/encontro/2019/submissao/files_I/i4-e4ced54b50276d686209ff2ea9af5a34.pdf;i4;Área 4 - Macroeconomia, Economia Monetária e Finanças
INFLATION TARGETING REGIME AND FISCAL CREDIBILITY IN BRAZIL: A QUANTILE REGRESSION PROBABILISTIC ANALYSIS;https://www.anpec.org.br/encontro/2019/submissao/files_I/i4-a1ee524c9b7daed8d35885248e674718.pdf;i4;Área 4 - Macroeconomia, Economia Monetária e Finanças
INVESTIMENTO EM INFRAESTRUTURA E IMPOSTOS DISTORCIVOS: EFEITOS DE POLÍTICA FISCAL USANDO UM MODELO MICROFUNDAMENTADO;https://www.anpec.org.br/encontro/2019/submissao/files_I/i4-05c6c8fb44e30b4284c2181eca929820.pdf;i4;Área 4 - Macroeconomia, Economia Monetária e Finanças
INVESTMENT DECISION UNDER INFLATION TARGETING IN EMERGING MARKET ECONOMIES;https://www.anpec.org.br/encontro/2019/submissao/files_I/i4-5b872d5300f26cd958d72e222653f2d5.pdf;i4;Área 4 - Macroeconomia, Economia Monetária e Finanças
IS THE AVERAGE PROPENSITY TO CONSUME STATIONARY IN THE LONG RUN? TESTING PANEL DATA FOR UNIT ROOTS EXPLOITING THE CROSS-SECTIONAL DEPENDENCE, 1952-2014;https://www.anpec.org.br/encontro/2019/submissao/files_I/i4-b6ef513fb8eefa49057e9741ce91abc5.pdf;i4;Área 4 - Macroeconomia, Economia Monetária e Finanças
MENSURANDO O SENTIMENTO DE INCERTEZA DA POLÍTICA ECONÔMICA: UMA ANÁLISE A PARTIR DA COMUNICAÇÃO DO BANCO CENTRAL DO BRASIL;https://www.anpec.org.br/encontro/2019/submissao/files_I/i4-6d0fea421a2127dcd80097f52edc812f.pdf;i4;Área 4 - Macroeconomia, Economia Monetária e Finanças
NÃO LINEARIDADES E ENDOGENEIDADE NA FUNÇÃO DE REAÇÃO DO BANCO CENTRAL DO BRASIL: UMA ABORDAGEM DE REGRESSÃO QUANTÍLICA EM DOIS ESTÁGIOS;https://www.anpec.org.br/encontro/2019/submissao/files_I/i4-76f4c1732155e82b0fab8102e78f8a30.pdf;i4;Área 4 - Macroeconomia, Economia Monetária e Finanças
ON THE SUBPRIME CRISIS AND THE LATIN AMERICAN FINANCIAL MARKETS: A REGIME SWITCHING SKEW-NORMAL APPROACH;https://www.anpec.org.br/encontro/2019/submissao/files_I/i4-a56fb82357a785cd057e2995afdc565a.pdf;i4;Área 4 - Macroeconomia, Economia Monetária e Finanças
PREVISÃO FORA DA AMOSTRA DA TAXA DE CÂMBIO COM SENTIMENTO DAS NOTÍCIAS;https://www.anpec.org.br/encontro/2019/submissao/files_I/i4-e8b0c3ab782696f27965da6104378f84.pdf;i4;Área 4 - Macroeconomia, Economia Monetária e Finanças
PUBLIC EXPENSES LIMIT RULE (PEC 55/241) AND BRAZILIAN PUBLIC DEBT SUSTAINABILITY: SCENARIO ANALYSIS TROUGH DSGE MODEL;https://www.anpec.org.br/encontro/2019/submissao/files_I/i4-b67e8fcab05a70e5cf17c141fd342a01.pdf;i4;Área 4 - Macroeconomia, Economia Monetária e Finanças
REPASSE CAMBIAL NA ECONOMIA BRASILEIRA: ESTIMAÇÃO A PARTIR DO MODELO VCEE;https://www.anpec.org.br/encontro/2019/submissao/files_I/i4-c365fd010854f0e14952cd31f692905e.pdf;i4;Área 4 - Macroeconomia, Economia Monetária e Finanças
REVIEWING MONETARY POLICY INERTIA AND ITS EFFECTS: THE FRACTIONAL INTEGRATION APPROACH FOR AN EMERGING ECONOMY;https://www.anpec.org.br/encontro/2019/submissao/files_I/i4-08138de6cab12a9e5d8f938c849c6a4f.docx;i4;Área 4 - Macroeconomia, Economia Monetária e Finanças
SOCIAL SECURITY REFORM AND ITS MEDIUM AND LONG-TERM MACROECONOMIC IMPACTS: AN OVERLAPPING GENERATION MODEL APPROACH;https://www.anpec.org.br/encontro/2019/submissao/files_I/i4-dc204b2d33b098fbbd2a1a2d63f770b3.pdf;i4;Área 4 - Macroeconomia, Economia Monetária e Finanças
SOVEREIGN RISK RATINGS' COUNTRY CLASSIFICATION USING MACHINE LEARNING;https://www.anpec.org.br/encontro/2019/submissao/files_I/i4-39b229505a7b1fd90a2a751101807a09.pdf;i4;Área 4 - Macroeconomia, Economia Monetária e Finanças
SPILLOVER ENTRE AS ESTRUTURAS A TERMO DA TAXA DE JUROS:O CASO DA AMÉRICA DO SUL E OS ESTADOS UNIDOS;https://www.anpec.org.br/encontro/2019/submissao/files_I/i4-b8baa28a16dffd3ee6b21ef0f05b0f22.pdf;i4;Área 4 - Macroeconomia, Economia Monetária e Finanças
A CRIAÇÃO DOS INSTITUTOS FEDERAIS DE EDUCAÇÃO AFETOU OS INDICADORES DE RENDIMENTO DAS ESCOLAS ESTADUAIS NO ENSINO MÉDIO?;https://www.anpec.org.br/encontro/2019/submissao/files_I/i5-6725b6f77dbb317138fd3bafe32c56ec.pdf;i5;Área 5 - Economia do Setor Público
A RELAÇÃO ENTRE TRANSPARÊNCIA PÚBLICA E GESTÃO FISCAL NOS MUNICÍPIOS BRASILEIROS;https://www.anpec.org.br/encontro/2019/submissao/files_I/i5-aba74881a1bd67d6df79e0b1e1a34f9b.pdf;i5;Área 5 - Economia do Setor Público
AFINAL, O QUE ACONTECEU COM A DESIGUALDADE NO IMPOSTO DE RENDA?;https://www.anpec.org.br/encontro/2019/submissao/files_I/i5-0dc7cad1af25ca2550a2775b29a48b03.pdf;i5;Área 5 - Economia do Setor Público
AUSTERIDADE FISCAL NO BRASIL: IMPACTOS NA RENDA DAS FAMÍLIAS E NA ATIVIDADE ECONÔMICA;https://www.anpec.org.br/encontro/2019/submissao/files_I/i5-d2e24fb1324472f5f631027e1e918ef1.pdf;i5;Área 5 - Economia do Setor Público
BENEFÍCIOS FISCAIS DO IMPOSTO SOBRE A RENDA DA PESSOA FÍSICA E SEUS IMPACTOS REDISTRIBUTIVOS;https://www.anpec.org.br/encontro/2019/submissao/files_I/i5-1f29a5a2f698af7966eb723ef8f7f8ed.docx;i5;Área 5 - Economia do Setor Público
CRIME E VOTO: EFEITO DA VIOLÊNCIA PÚBLICA NA ELEIÇÃO DE CANDIDATOS LAW & ORDER NO BRASIL;https://www.anpec.org.br/encontro/2019/submissao/files_I/i5-86cc37e2c0fb6bba1b21b13ed0dab573.pdf;i5;Área 5 - Economia do Setor Público
DESCENTRALIZAÇÃO, ESFORÇO FISCAL E CAPTURA DE RECURSOS PÚBLICOS: EFEITOS DA CRIAÇÃO DE MUNICÍPIOS NO BRASIL;https://www.anpec.org.br/encontro/2019/submissao/files_I/i5-f23f15cdbf19827ed56f4b01deafe793.pdf;i5;Área 5 - Economia do Setor Público
DO PROTESTS REACH THE BALLOTS? THE ELECTORAL DIVIDEND OF THE BRAZILIAN SPRING;https://www.anpec.org.br/encontro/2019/submissao/files_I/i5-e40f68ce647129da041698768d856d08.pdf;i5;Área 5 - Economia do Setor Público
EFEITO DO PARCELAMENTO DE SALÁRIOS: NOTAS DA PROVA BRASIL;https://www.anpec.org.br/encontro/2019/submissao/files_I/i5-3773de6cb2b7268e28090f6bf49beae5.pdf;i5;Área 5 - Economia do Setor Público
EFEITOS DA TRANSPARÊNCIA FISCAL SOBRE OS GASTOS DO GOVERNO EM EDUCAÇÃO E SOBRE A EFICIÊNCIA DESSES GASTOS;https://www.anpec.org.br/encontro/2019/submissao/files_I/i5-96f495d31be27962ae7fa3069fe747f6.pdf;i5;Área 5 - Economia do Setor Público
EMPRÉSTIMOS COM AMORTIZAÇÕES CONDICIONADAS À RENDA (ECR): CENÁRIOS DE FINANCIAMENTO DE ESTUDANTES DE ENSINO SUPERIOR NO BRASIL;https://www.anpec.org.br/encontro/2019/submissao/files_I/i5-12d971f7b23dada0016c94b8f706d273.pdf;i5;Área 5 - Economia do Setor Público
ESTIMAÇÃO DO NÍVEL MÁXIMO DE ENDIVIDAMENTO PARA PAÍSES EMERGENTES: UMA ANÁLISE VIA FUNÇÃO DE REAÇÃO FISCAL;https://www.anpec.org.br/encontro/2019/submissao/files_I/i5-64c1166659d6528ba2118b3094ea1260.pdf;i5;Área 5 - Economia do Setor Público
FINANCIAMENTO DA EDUCAÇÃO E A DISPARIDADE NO DESEMPENHO ESCOLAR ENTRE MUNICÍPIOS BRASILEIROS;https://www.anpec.org.br/encontro/2019/submissao/files_I/i5-8077df959cc98d5eac7a6ae31a327f8e.pdf;i5;Área 5 - Economia do Setor Público
IMPACTO DA POLÍTICA FISCAL SOBRE O PIB REAL PER CAPITA - UMA ANÁLISE DOS ESTADOS BRASILEIROS ENTRE 2003 E 2014;https://www.anpec.org.br/encontro/2019/submissao/files_I/i5-0f6439f56b7e4dbbdf2c15fd60ffb450.pdf;i5;Área 5 - Economia do Setor Público
OUTSIDERS NA POLÍTICA MELHORAM A GESTÃO MUNICIPAL?;https://www.anpec.org.br/encontro/2019/submissao/files_I/i5-596009a12d0155249570d31dc88f2e05.pdf;i5;Área 5 - Economia do Setor Público
QUO VADIS? PROFESSIONAL CAREERS OF BRAZILIAN REGULATORS;https://www.anpec.org.br/encontro/2019/submissao/files_I/i5-d232fe188a98982765819077345e9bdd.docx;i5;Área 5 - Economia do Setor Público
REDES SOCIAS E PERFORMANCE ELEITORAL: UMA ANALISE DAS ELEICOES DE 2018 PARA GOVERNADOR;https://www.anpec.org.br/encontro/2019/submissao/files_I/i5-e4daa8666212bc0b52f9d464d312d0be.docx;i5;Área 5 - Economia do Setor Público
TRADE-OFF CUSTO-QUALIDADE NA PROVISÃO DE SERVIÇOS PÚBLICOS: COMPARAÇÃO ENTRE OS MODELOS DE PROVISÃO DE SANEAMENTO BÁSICO NO BRASIL E SEUS EFEITOS NA SAÚDE;https://www.anpec.org.br/encontro/2019/submissao/files_I/i5-6adafb1534c51a1ce9138c289aeee102.docx;i5;Área 5 - Economia do Setor Público
A ARMADILHA DA RENDA MÉDIA E OS OBSTÁCULOS À TRANSFORMAÇÃO ESTRUTURAL: A CURVA S DA COMPLEXIDADE ECONÔMICA;https://www.anpec.org.br/encontro/2019/submissao/files_I/i6-f6865bd380aebd7cd9f9d025c05a61c1.pdf;i6;Área 6 - Crescimento, Desenvolvimento Econômico e Instituições
A BASELINE SUPERMULTIPLIER MODEL FOR THE ANALYSIS OF FISCAL POLICY AND GOVERNMENT DEBT;https://www.anpec.org.br/encontro/2019/submissao/files_I/i6-fc23f49bd2852d981640ef4620211a61.pdf;i6;Área 6 - Crescimento, Desenvolvimento Econômico e Instituições
A CONTRIBUIÇÃO DA POLÍTICA FISCAL PARA A CRISE BRASILEIRA RECENTE: UMA ANÁLISE BASEADA EM MULTIPLICADORES DE DESPESAS E RECEITAS PRIMÁRIAS DO GOVERNO CENTRAL NO PERÍODO 1997-2018;https://www.anpec.org.br/encontro/2019/submissao/files_I/i6-501ef3540cf5e498d7f9b1346b78c82a.pdf;i6;Área 6 - Crescimento, Desenvolvimento Econômico e Instituições
A RELAÇÃO ENTRE TAXA DE CÂMBIO E MUDANÇA ESTRUTURAL: UMA ABORDAGEM BASEADA NAS ELASTICIDADES-RENDA DE COMÉRCIO;https://www.anpec.org.br/encontro/2019/submissao/files_I/i6-a0aae8ba408db5604f1b3549030e4deb.docx;i6;Área 6 - Crescimento, Desenvolvimento Econômico e Instituições
CADEIAS GLOBAIS DE VALOR E PRODUTIVIDADE EM UMA ABORDAGEM DINÂMICA;https://www.anpec.org.br/encontro/2019/submissao/files_I/i6-4b9ec3fe56e63a691393c37e7191d6da.pdf;i6;Área 6 - Crescimento, Desenvolvimento Econômico e Instituições
CAPITAL HUMANO, ESPECIALIZAÇÃO PRODUTIVA E CONVERGÊNCIA DE RENDA EM UM MODELO RICARDIANO/ESTRUTURALISTA;https://www.anpec.org.br/encontro/2019/submissao/files_I/i6-20a217768cde7ddf1316f54c19849e41.pdf;i6;Área 6 - Crescimento, Desenvolvimento Econômico e Instituições
COMPETITION, MARKET SHARE AND TECHNOLOGICAL CHANGE IN A POST-KEYNESIAN DUOPOLY MODEL;https://www.anpec.org.br/encontro/2019/submissao/files_I/i6-32dcd273516def4374534d300d72e167.pdf;i6;Área 6 - Crescimento, Desenvolvimento Econômico e Instituições
CONFLICTING-CLAIMS AND LABOUR MARKET CONCERNS IN A SUPERMULTIPLIER SFC MODEL;https://www.anpec.org.br/encontro/2019/submissao/files_I/i6-3623fcf1789df6fb683aa46ebeeef050.pdf;i6;Área 6 - Crescimento, Desenvolvimento Econômico e Instituições
CRESCIMENTO E MUDANÇA DEMOGRÁFICA: UMA APLICAÇÃO DO MODELO DE GOODWIN PARA PAÍSES DA OCDE (1960-2010);https://www.anpec.org.br/encontro/2019/submissao/files_I/i6-dcf1c885c9284c13981305df0d87cb1a.pdf;i6;Área 6 - Crescimento, Desenvolvimento Econômico e Instituições
CRESCIMENTO ECONÔMICO E MUDANÇA ESTRUTURAL NO BRASIL: UM CONTO DE GANHOS E PERDAS;https://www.anpec.org.br/encontro/2019/submissao/files_I/i6-a5276f78ae7d56f5a0327fc6fe15c7fa.pdf;i6;Área 6 - Crescimento, Desenvolvimento Econômico e Instituições
EFEITOS DO INVESTIMENTO ESTRANGEIRO DIRETO E DAS CARACTERÍSTICAS DOS PAÍSES HOSPEDEIROS NO CRESCIMENTO ECONÔMICO;https://www.anpec.org.br/encontro/2019/submissao/files_I/i6-5652a658903d68db0f8b602f3412d697.pdf;i6;Área 6 - Crescimento, Desenvolvimento Econômico e Instituições
ENGINES OFF: A STRUCTURAL DECOMPOSITION OF THE BRAZILIAN (DE-)GROWTH IN THE 2010S;https://www.anpec.org.br/encontro/2019/submissao/files_I/i6-5d012f2f7862d56ff5e6ff1ad5ebfc96.docx;i6;Área 6 - Crescimento, Desenvolvimento Econômico e Instituições
EXCHANGE RATE AND STRUCTURAL CHANGE: EVIDENCES FOR LATIN AMERICA;https://www.anpec.org.br/encontro/2019/submissao/files_I/i6-d0108088c73025a70e68e81525f9af46.pdf;i6;Área 6 - Crescimento, Desenvolvimento Econômico e Instituições
GENERALIZING KALDOR NEO-PASINETTI MODEL WITH POLITICAL ORIENTATION AND OPEN ECONOMY.;https://www.anpec.org.br/encontro/2019/submissao/files_I/i6-2f78c2705c5a85b80d3c7ca5702b319e.pdf;i6;Área 6 - Crescimento, Desenvolvimento Econômico e Instituições
HUMAN CAPITAL ACCUMULATION, INCOME DISTRIBUTION AND ECONOMIC GROWTH: A DEMAND-LED ANALYTICAL FRAMEWORK;https://www.anpec.org.br/encontro/2019/submissao/files_I/i6-dc8f30cc5716943af17311644e4b0e49.pdf;i6;Área 6 - Crescimento, Desenvolvimento Econômico e Instituições
INFRASTRUCTURE AND INCOME INEQUALITY: AN APPLICATION TO THE BRAZILIAN CASE USING HIERARCHICAL SPATIAL AUTOREGRESSIVE MODELS;https://www.anpec.org.br/encontro/2019/submissao/files_I/i6-546e9c5e8fb1c61b68606f164e867aec.pdf;i6;Área 6 - Crescimento, Desenvolvimento Econômico e Instituições
INTERNATIONAL COMMODITY PRICE CYCLE AND THE DYNAMIC OF INVESTMENTS IN BRAZIL: EVIDENCE FROM THE 1996 – 2018 PERIOD;https://www.anpec.org.br/encontro/2019/submissao/files_I/i6-22a6352808c0c7c109bbb4d01003ca8f.pdf;i6;Área 6 - Crescimento, Desenvolvimento Econômico e Instituições
O QUE IMPULSIONA O DESENVOLVIMENTO DO SETOR BANCÁRIO REGIONAL BRASILEIRO? UMA VISÃO PÓS-KEYNESIANA;https://www.anpec.org.br/encontro/2019/submissao/files_I/i6-9b1115473d60b3c500e93d012e9c707e.pdf;i6;Área 6 - Crescimento, Desenvolvimento Econômico e Instituições
OUTPUT AND HOUSEHOLD CONSUMPTION GROWTH IN BRAZIL FROM 2000 TO 2016: A STRUCTURAL DECOMPOSITION ANALYSIS;https://www.anpec.org.br/encontro/2019/submissao/files_I/i6-7f0ce96296441d31f3a4a8ec4d2b5fea.pdf;i6;Área 6 - Crescimento, Desenvolvimento Econômico e Instituições
QUALIDADE DAS FINANÇAS PÚBLICAS E CRESCIMENTO ECONÔMICO BRASILEIRO EM UMA MODELAGEM MULTIDIMENSIONAL;https://www.anpec.org.br/encontro/2019/submissao/files_I/i6-4fd87331cc1d2ef5296f624ae14d91df.pdf;i6;Área 6 - Crescimento, Desenvolvimento Econômico e Instituições
THE DUTT MODEL REVISITED: UNEVEN DEVELOPMENT AND THE BALANCE OF PAYMENTS CONSTRAINED MODEL. A DEBATE ON TERMS OF TRADE, ECONOMIC CYCLES, AND PRODUCTIVITY CATCHING-UP.;https://www.anpec.org.br/encontro/2019/submissao/files_I/i6-cf767a802aaffbda27a9c3c38b10a350.pdf;i6;Área 6 - Crescimento, Desenvolvimento Econômico e Instituições
THE TERM STRUCTURE OF INTEREST RATE AND INCOME DISTRIBUTION IN AN SFC POST-KEYNESIAN GROWTH MODEL WITH INFLATION TARGETING AND ZERO MONEY FINANCING OF GOVERNMENT DEFICIT;https://www.anpec.org.br/encontro/2019/submissao/files_I/i6-103efa43b994e07dadba9c716e29bb10.pdf;i6;Área 6 - Crescimento, Desenvolvimento Econômico e Instituições
UM MODELO KALDORIANO DE CRESCIMENTO: MUDANÇA ESTRUTURAL, HIATO TECNOLÓGICO E NÃO LINEARIDADES DA TAXA DE CÂMBIO;https://www.anpec.org.br/encontro/2019/submissao/files_I/i6-04b315559034f3a1cdccebbc1378e348.pdf;i6;Área 6 - Crescimento, Desenvolvimento Econômico e Instituições
WHAT IS THE IMPORTANCE OF A COUNTRY'S BANKING MARKET STRUCTURE FOR FINANCIAL DEVELOPMENT?;https://www.anpec.org.br/encontro/2019/submissao/files_I/i6-9b75465898a5a35e23487af0df9b4044.pdf;i6;Área 6 - Crescimento, Desenvolvimento Econômico e Instituições
A CONTRIBUIÇÃO DO ESFORÇO INOVATIVO PARA O DESEMPENHO EXPORTADOR: UMA ANÁLISE PARA PAÍSES DO MERCOSUL;https://www.anpec.org.br/encontro/2019/submissao/files_I/i7-2d4065d96da60e4b65a46347ce73e8d5.pdf;i7;Área 7 - Economia Internacional
ANÁLISE DA QUALIDADE DO COMÉRCIO ENTRE BRASIL E PAÍSES DA OCDE;https://www.anpec.org.br/encontro/2019/submissao/files_I/i7-d0ce1748734816dfd31994902038f46a.pdf;i7;Área 7 - Economia Internacional
ANTIDUMPING E A MARGEM EXTENSIVA DAS IMPORTAÇÕES;https://www.anpec.org.br/encontro/2019/submissao/files_I/i7-ae74c5306d14a7583ad11258dc4492e7.pdf;i7;Área 7 - Economia Internacional
COUNTRY-RISK PREMIUM IN THE PERIPHERY AND THE INTERNATIONAL FINANCIAL CYCLE 1999-2019;https://www.anpec.org.br/encontro/2019/submissao/files_I/i7-d2e4fbee8ff476878254e04c142145f5.pdf;i7;Área 7 - Economia Internacional
HAS WTO MEMBERSHIP PROMOTED TRADE SINCE ITS FOUNDATION?;https://www.anpec.org.br/encontro/2019/submissao/files_I/i7-d393955e615734370c761030f3a44d83.pdf;i7;Área 7 - Economia Internacional
HOW HARMFUL CAN CHINESE EXPORTS BE TO BRAZILIAN EXPORTS TO MERCOSUR?: A SIMILARITY AND QUALITY ANALYSIS REVISITED;https://www.anpec.org.br/encontro/2019/submissao/files_I/i7-7a9dadd59846204b79899e5900299996.pdf;i7;Área 7 - Economia Internacional
IMPORT PROTECTION THROUGH ANTIDUMPING FILINGS AND ECONOMIC ACTIVITY;https://www.anpec.org.br/encontro/2019/submissao/files_I/i7-5d9fc625a62e2ddd5d066f16cc7eada7.docx;i7;Área 7 - Economia Internacional
O AMBIENTE POLÍTICO E A ATRAÇÃO DE INVESTIMENTO EXTERNO DIRETO: UMA ABORDAGEM INSTITUCIONALISTA;https://www.anpec.org.br/encontro/2019/submissao/files_I/i7-6d90f78f3faca5e2eed738f88a93135e.docx;i7;Área 7 - Economia Internacional
O COMÉRCIO INTRAINDUSTRIAL E A COMPLEXIDADE ECONÔMICA;https://www.anpec.org.br/encontro/2019/submissao/files_I/i7-6e5d0e86c4108aad973422cbc6fccb7f.pdf;i7;Área 7 - Economia Internacional
PRODUTIVIDADE, HETEROGENEIDADE E MULTINACIONAIS BRASILEIRAS;https://www.anpec.org.br/encontro/2019/submissao/files_I/i7-04d80e97e036f00bf9eea263eca3f803.pdf;i7;Área 7 - Economia Internacional
QUALITY AND PENETRATION OF BRAZILIAN EXPORTS: WHAT IS THE EFFECT OF COMPARATIVE ADVANTAGE?;https://www.anpec.org.br/encontro/2019/submissao/files_I/i7-158f1347f540c345abbc35dcece579f3.pdf;i7;Área 7 - Economia Internacional
REGIONAL AND GLOBAL PATTERNS OF INSERTION IN VALUE CHAINS: EVIDENCE FOR BRAZIL;https://www.anpec.org.br/encontro/2019/submissao/files_I/i7-d9a0fa01ed67c5b62f9ff61ccd8de86e.pdf;i7;Área 7 - Economia Internacional
THE BRAZILIAN ECONOMIC CRISIS DURING THE PERIOD 2014-2016: IS THERE PRECEDENCE OF INTERNAL OR EXTERNAL FACTORS?;https://www.anpec.org.br/encontro/2019/submissao/files_I/i7-489788d347b4dcc432dfa84056ddb694.pdf;i7;Área 7 - Economia Internacional
THE ROLE OF INTERNATIONAL RESERVES ON REAL EXCHANGE RATE: A PANEL ARDL MODEL APPROACH;https://www.anpec.org.br/encontro/2019/submissao/files_I/i7-e663d175e7e89c0a1f449df31cf14d87.pdf;i7;Área 7 - Economia Internacional
VANTAGENS COMPARATIVAS AO NÍVEL DE FIRMAS: EVIDÊNCIAS INICIAIS PARA A INDÚSTRIA DE TRANSFORMAÇÃO BRASILEIRA;https://www.anpec.org.br/encontro/2019/submissao/files_I/i7-868d156b4ab0d52a645b37c10b45154f.pdf;i7;Área 7 - Economia Internacional
A BIVARIATE APPROACH TO THE MINCERIAN EARNINGS EQUATION;https://www.anpec.org.br/encontro/2019/submissao/files_I/i8-8cd88d32d7169458adf1684fbb3ef942.pdf;i8;Área 8 - Microeconomia, Métodos Quantitativos e Finanças
ARE CRYPTOCURRENCIES SUITABLE FOR PORTFOLIO DIVERSIFICATION? CROSS-COUNTRY EVIDENCE;https://www.anpec.org.br/encontro/2019/submissao/files_I/i8-a2719c2b29132625fa99c7f2b5ed47c3.pdf;i8;Área 8 - Microeconomia, Métodos Quantitativos e Finanças
BITCOIN IN BRAZIL: LAW OF ONE PRICE AND PRICE DISCOVERY IN AN EMERGING MARKET;https://www.anpec.org.br/encontro/2019/submissao/files_I/i8-181ac4d89a2205bca52b62911a16a823.pdf;i8;Área 8 - Microeconomia, Métodos Quantitativos e Finanças
BITCOIN'S RETURN VOLATILITY AND UNCERTAINTY SHOCKS;https://www.anpec.org.br/encontro/2019/submissao/files_I/i8-cb91e1b9f7956a1be8427189ec50faea.pdf;i8;Área 8 - Microeconomia, Métodos Quantitativos e Finanças
CARTEL SCREENING IN THE BRAZILIAN FUEL RETAIL MARKET;https://www.anpec.org.br/encontro/2019/submissao/files_I/i8-3c3393173e6fa08a096877362c5f6c57.pdf;i8;Área 8 - Microeconomia, Métodos Quantitativos e Finanças
EFEITOS DO BNDES NAS FIRMAS BRASILEIRAS: UM ESTUDO DE ANÁLISE DE SOBREVIVÊNCIA PARA OS ANOS DE 2002 A 2016.;https://www.anpec.org.br/encontro/2019/submissao/files_I/i8-fd6c24ba14230705cc9d1e81843d565b.pdf;i8;Área 8 - Microeconomia, Métodos Quantitativos e Finanças
GOVERNANÇA CORPORATIVA E EFICIÊNCIA DE MERCADO: ANÁLISE DE FLUTUAÇÕES DESTENDENCIADAS MULTIFRACTAIS;https://www.anpec.org.br/encontro/2019/submissao/files_I/i8-b03f2d17deeeeadbbb936bab68a839fc.pdf;i8;Área 8 - Microeconomia, Métodos Quantitativos e Finanças
LONG MEMORY AND TERM STRUCTURE OF INTEREST RATES;https://www.anpec.org.br/encontro/2019/submissao/files_I/i8-15b69b3b4f0a0ca3ae1555b9a763ee92.pdf;i8;Área 8 - Microeconomia, Métodos Quantitativos e Finanças
O EFEITO DA POLÍTICA DE DESONERAÇÃO DA FOLHA DE PAGAMENTOS SOBRE AS ESTRUTURAS DE MERCADO NO BRASIL;https://www.anpec.org.br/encontro/2019/submissao/files_I/i8-7d2f00cbbe94a55c0d9e1ced396c0547.pdf;i8;Área 8 - Microeconomia, Métodos Quantitativos e Finanças
POLITICAL POLARIZATION VS. FACT-CHECKING: EMERGENCE OF IMPUDENT LIES IN SOCIAL MEDIA;https://www.anpec.org.br/encontro/2019/submissao/files_I/i8-d898d7ab9705fc898b735bd547f3bc07.pdf;i8;Área 8 - Microeconomia, Métodos Quantitativos e Finanças
ROTATIVIDADE DE TREINADORES E O DESEMPENHO DAS EQUIPES DE FUTEBOL NO BRASIL;https://www.anpec.org.br/encontro/2019/submissao/files_I/i8-f3fd561df1cc7a9016f164201728a0e3.pdf;i8;Área 8 - Microeconomia, Métodos Quantitativos e Finanças
THE DARK SIDE OF PRUDENTIAL MEASURES;https://www.anpec.org.br/encontro/2019/submissao/files_I/i8-3fafe17800d86ff773801b29cdac3806.pdf;i8;Área 8 - Microeconomia, Métodos Quantitativos e Finanças
THIN SUBSIDIES EFFECTS ON FOOD CONSUMPTION PATTERN AND NUTRITIONAL STATUS OF BRAZILIAN POOR CHILDREN;https://www.anpec.org.br/encontro/2019/submissao/files_I/i8-4895e15efddc6a69ba0fecb9d35f9002.pdf;i8;Área 8 - Microeconomia, Métodos Quantitativos e Finanças
UMA ANÁLISE SOBRE A DEMANDA DOMICILIAR POR ALIMENTOS DE FAMÍLIAS BENEFICIÁRIAS E NÃO BENEFECIÁRIAS DO BOLSA FAMÍLIA POR MEIO DA POF 2008/2009;https://www.anpec.org.br/encontro/2019/submissao/files_I/i8-8e1fc5b64cfd45dbe2cc12e664adce84.docx;i8;Área 8 - Microeconomia, Métodos Quantitativos e Finanças
US RISK PREMIA UNDER EMERGING MARKETS CONSTRAINTS;https://www.anpec.org.br/encontro/2019/submissao/files_I/i8-cd23ae0311171513000899adb0775fac.pdf;i8;Área 8 - Microeconomia, Métodos Quantitativos e Finanças
USING THE MORAN’S I TO DETECT BID RIGGING IN BRAZILIAN PROCUREMENT AUCTIONS;https://www.anpec.org.br/encontro/2019/submissao/files_I/i8-65127d0233006f9d19b0a3f1b31d1395.pdf;i8;Área 8 - Microeconomia, Métodos Quantitativos e Finanças
WELFARE LOSS AND LERNER-DEMAND HYPOTHESIS: EVIDENCES FOR THE COMMERCIAL BANKS IN BRAZIL;https://www.anpec.org.br/encontro/2019/submissao/files_I/i8-6d82b19062043cd83d2349578b04143a.pdf;i8;Área 8 - Microeconomia, Métodos Quantitativos e Finanças
A PERVASIVIDADE INDUSTRIAL MULTIDIMENSIONAL DAS NOVAS TECNOLOGIAS HABILITADORAS;https://www.anpec.org.br/encontro/2019/submissao/files_I/i9-cb466b258ab31555861b107f19ba0d25.docx;i9;Área 9 - Economia Industrial e da Tecnologia
A SURVEY ON STYLIZED FACTS FOR BRAZILIAN MANUFACTURING: 1996-2013;https://www.anpec.org.br/encontro/2019/submissao/files_I/i9-618bc6d6845d5f2f348dfe2e819a858f.pdf;i9;Área 9 - Economia Industrial e da Tecnologia
AN EXPANDED KNOWLEDGE PRODUCTION FUNCTION: EVIDENCE FROM BRAZIL WITH A DYNAMIC SPATIAL PANEL APPROACH;https://www.anpec.org.br/encontro/2019/submissao/files_I/i9-a2ae7b89e873d6023ca298f745582101.pdf;i9;Área 9 - Economia Industrial e da Tecnologia
AN INVESTIGATION INTO SHAPES AND DETERMINANTS OF DEINDUSTRIALIZATION PROCESSES: THEORY AND EVIDENCE FOR DEVELOPED AND DEVELOPING COUNTRIES (1970-2017);https://www.anpec.org.br/encontro/2019/submissao/files_I/i9-4c06d516fee94627f7c83c14c15abb3a.pdf;i9;Área 9 - Economia Industrial e da Tecnologia
CONTEÚDO IMPORTADO NA DEMANDA FINAL DOMÉSTICA E EMPREGO ASSOCIADO ÀS EXPORTAÇÕES: UMA ANÁLISE INSUMO-PRODUTO PARA A ECONOMIA BRASILEIRA ENTRE 2000 E 2015;https://www.anpec.org.br/encontro/2019/submissao/files_I/i9-9564a8f2e57691e39ad8367682ceb395.pdf;i9;Área 9 - Economia Industrial e da Tecnologia
ECONOMIC CRISIS, INNOVATION AND ORGANIZATIONAL RESPONSES: EVIDENCE FROM BRAZIL;https://www.anpec.org.br/encontro/2019/submissao/files_I/i9-bdef69cf2d004c0873cfa82441072ad5.pdf;i9;Área 9 - Economia Industrial e da Tecnologia
IMPACTOS DOS INCENTIVOS FISCAIS NA INOVAÇÃO DE GRANDES EMPRESAS: UMA AVALIAÇÃO A PARTIR DA PESQUISA SONDAGEM DE INOVAÇÃO DA ABDI;https://www.anpec.org.br/encontro/2019/submissao/files_I/i9-679cb322aa36398a91c9bb07cb3f11ef.pdf;i9;Área 9 - Economia Industrial e da Tecnologia
ÍNDICE DE INOVAÇÃO GLOBAL - UMA ANÁLISE DA TRAJETÓRIA BRASILEIRA ENTRE OS ANOS DE 2007 A 2018;https://www.anpec.org.br/encontro/2019/submissao/files_I/i9-30bba0c8bcf2bb63bb77c7321c333b7f.pdf;i9;Área 9 - Economia Industrial e da Tecnologia
INNOVATION AND CAPABILITIES BUILDING IN BIOPHARMACEUTICALS IN BRAZIL: A KNOWLEDGE NETWORK ANALYSIS;https://www.anpec.org.br/encontro/2019/submissao/files_I/i9-66bd5df4f5cf287383c0a6e9c3d61d0e.pdf;i9;Área 9 - Economia Industrial e da Tecnologia
MEDIDAS DE GATEKEEPERS APLICADAS À REDE DE INVENÇÃO DO BRASIL;https://www.anpec.org.br/encontro/2019/submissao/files_I/i9-3ff1074a2597f54a8e7fb183b1ba15e3.pdf;i9;Área 9 - Economia Industrial e da Tecnologia
SINAIS VIRTUOSOS DO PROCESSO DE MUDANÇA ESTRUTURAL BRASILEIRO DURANTE OS GOVERNOS LULA E DILMA;https://www.anpec.org.br/encontro/2019/submissao/files_I/i9-7d2d181960b9b2cee44be81c2afbef15.docx;i9;Área 9 - Economia Industrial e da Tecnologia
TECHNICAL AND SKILL KNOWLEDGE INCORPORATED BY BIG-PHARMA IN ACQUISITIONS OF SMALL FIRMS;https://www.anpec.org.br/encontro/2019/submissao/files_I/i9-8063211204cc639044099a6ecccf36d1.docx;i9;Área 9 - Economia Industrial e da Tecnologia
TECHNOLOGICAL UNEMPLOYMENT IN BRAZIL: EFFECTS OF AUTOMATION ON JOB MARKET OCCUPATIONS;https://www.anpec.org.br/encontro/2019/submissao/files_I/i9-8d686480f6724a9101687d18564dcd76.pdf;i9;Área 9 - Economia Industrial e da Tecnologia
THE ECONOMIC EFFECTS OF FINANCING PRIVATE INVESTMENTS ON R&D IN BRAZIL;https://www.anpec.org.br/encontro/2019/submissao/files_I/i9-f055f0264a27b445dcb40c2f0c1dcd3f.pdf;i9;Área 9 - Economia Industrial e da Tecnologia
THE EFFECTS OF BNDES ON BRAZILIAN PHARMACEUTICAL FIRMS’ INNOVATION INVESTMENTS: A PANEL DATA APPROACH;https://www.anpec.org.br/encontro/2019/submissao/files_I/i9-7076f869aae3d8895dc2a09a28995462.pdf;i9;Área 9 - Economia Industrial e da Tecnologia
THE MOBILITY OF SKILLED WORKERS AND INNOVATION IN BRAZIL;https://www.anpec.org.br/encontro/2019/submissao/files_I/i9-30313dd1c562c6b427e4ccd8cae5f758.docx;i9;Área 9 - Economia Industrial e da Tecnologia
TRADE OPENNESS DEGREE AS TECHNOLOGY SPILLOVER CARRIER;https://www.anpec.org.br/encontro/2019/submissao/files_I/i9-6bbe30e967ae04fa17777ded63752442.pdf;i9;Área 9 - Economia Industrial e da Tecnologia
UMA ANÁLISE DOS FATORES DIRECIONADORES (DRIVERS) DA INTENSIDADE DAS INTERAÇÕES DE PEQUENAS E MÉDIAS EMPRESAS BRASILEIRAS COM UNIVERSIDADES E INSTITUTOS PÚBLICOS DE PESQUISA;https://www.anpec.org.br/encontro/2019/submissao/files_I/i9-15e9da4d4f09dba85ac868fbee2c0b8c.docx;i9;Área 9 - Economia Industrial e da Tecnologia
A VIOLÊNCIA URBANA E O PREÇO DOS IMÓVEIS: EVIDÊNCIAS DE COMO A CRIMINALIDADE AFETA O MERCADO IMOBILIÁRIO;https://www.anpec.org.br/encontro/2019/submissao/files_I/i10-29f600709d70e1b301d3c16c763085ba.docx;i10;Área 10 - Economia Regional e Urbana
AMBIENTE URBANO E CRIMINALIDADE: UMA ABORDAGEM DE MACHINE LEARNING PARA O CASO DA CIDADE DO RECIFE;https://www.anpec.org.br/encontro/2019/submissao/files_I/i10-939a661f9751491843de80d6bbf8c458.pdf;i10;Área 10 - Economia Regional e Urbana
AN INTER-REGIONAL NETWORK PERSPECTIVE TO EVALUATE THE BRAZILIAN ECONOMY;https://www.anpec.org.br/encontro/2019/submissao/files_I/i10-6e0deb272eefb74e54251a9838c400e9.docx;i10;Área 10 - Economia Regional e Urbana
ANÁLISE DOS DETERMINANTES DA EFICIÊNCA DA APLICAÇÃO DOS RECURSOS DO FNE PELOS MUNICÍPIOS BENEFICIADOS;https://www.anpec.org.br/encontro/2019/submissao/files_I/i10-8aad5dbd67f97c5deaf4239faf1983a5.docx;i10;Área 10 - Economia Regional e Urbana
DEMOGRAFIA E LOCALIZAÇÃO RESIDENCIAL: UMA ANÁLISE DA REGIÃO METROPOLITANA DO RECIFE;https://www.anpec.org.br/encontro/2019/submissao/files_I/i10-3905af66ff3b63d28efac795abdd6e38.docx;i10;Área 10 - Economia Regional e Urbana
DESASTRES TECNOLÓGICOS E IMPACTO ECONÔMICO PARA UMA ECONOMIA EM DESENVOLVIMENTO: EVIDÊNCIAS PARA O BRASIL;https://www.anpec.org.br/encontro/2019/submissao/files_I/i10-7548f714b60ff2dc99fcb1d6552b0651.pdf;i10;Área 10 - Economia Regional e Urbana
DEVAGAR E SEMPRE: OS EFEITOS DA REDUÇÃO NO LIMITE DE VELOCIDADE NOS ACIDENTES DE SÃO PAULO.;https://www.anpec.org.br/encontro/2019/submissao/files_I/i10-10bab52d8051b9193b1928099e8729ac.pdf;i10;Área 10 - Economia Regional e Urbana
DISTRIBUIÇÃO ESPACIAL DA ATIVIDADE ECONÔMICA E DESIGUALDADES REGIONAIS: EVIDÊNCIAS PARA OS MUNICÍPIOS DE MINAS GERAIS;https://www.anpec.org.br/encontro/2019/submissao/files_I/i10-480f0e9bb48d24a63662ad1c70c0119b.pdf;i10;Área 10 - Economia Regional e Urbana
ECONOMIAS DE AGLOMERAÇÃO E PROXIMIDADE GEOGRÁFICA: EVIDÊNCIAS PARA A INDÚSTRIA TÊXTIL E DE CONFECÇÃO DE PERNAMBUCO;https://www.anpec.org.br/encontro/2019/submissao/files_I/i10-9741a269565fd276e7c34ce1412af1dd.pdf;i10;Área 10 - Economia Regional e Urbana
IDENTIFICATION OF EMPLOYMENT SUBCENTERS IN BRAZILIAN METROPOLITAN REGIONS;https://www.anpec.org.br/encontro/2019/submissao/files_I/i10-5bbc4f56d19a715e4bcb780479f6a76a.pdf;i10;Área 10 - Economia Regional e Urbana
INDÚSTRIAS CRIATIVAS NO BRASIL: MAPEAMENTO DE AGLOMERAÇÕES PRODUTIVAS POTENCIAIS E SUA CONTRIBUIÇÃO PARA O DESENVOLVIMENTO LOCAL;https://www.anpec.org.br/encontro/2019/submissao/files_I/i10-88448c45aa17ae52ec469fa55e78248b.docx;i10;Área 10 - Economia Regional e Urbana
LOCALIZAÇÃO E SAÚDE NA CIDADE DE SALVADOR;https://www.anpec.org.br/encontro/2019/submissao/files_I/i10-08a8a87615fefb0f8e5d3b4ca4ff3070.docx;i10;Área 10 - Economia Regional e Urbana
LOCALIZATION PATTERNS OF SERVICE ACTIVITIES WITHIN METROPOLITAN AREAS: THE CASE OF SÃO PAULO;https://www.anpec.org.br/encontro/2019/submissao/files_I/i10-23a3a2ada5cb2c8ccb71e63a32d528de.pdf;i10;Área 10 - Economia Regional e Urbana
MORADIA, EMPREGABILIDADE E ACESSIBILIDADE AO MERCADO DE TRABALHO FORMAL: EVIDÊNCIAS DE SORTEIOS NO BRASIL;https://www.anpec.org.br/encontro/2019/submissao/files_I/i10-a8bce1188c00d6bc30c86e61a0eea2f9.pdf;i10;Área 10 - Economia Regional e Urbana
PLANEJAMENTO URBANO E ESTRUTURA DAS CIDADES: UMA AVALIAÇÃO DO PLANO DIRETOR USANDO UM DESENHO DE REGRESSÃO DESCONTINUA;https://www.anpec.org.br/encontro/2019/submissao/files_I/i10-5d7657d39136083e584ba533abaec8a2.docx;i10;Área 10 - Economia Regional e Urbana
REGIONAL INEQUALITY IN THE WAGE DISTRIBUTION ADJUSTED BY PURCHASING POWER: EVIDENCE FROM BRAZILIAN METROPOLITAN REGIONS;https://www.anpec.org.br/encontro/2019/submissao/files_I/i10-051a31805ac01504b0aab26ffb3718fd.docx;i10;Área 10 - Economia Regional e Urbana
THE GREAT PAULISTA CRIME DECLINE PUZZLE;https://www.anpec.org.br/encontro/2019/submissao/files_I/i10-deca550030a55a5e0b7f0bc8b591610d.pdf;i10;Área 10 - Economia Regional e Urbana
THE LONG-RUN ELASTICITY OF RESIDENTIAL ENERGY DEMAND: EVIDENCE FROM GEOGRAPHICAL REGIONS;https://www.anpec.org.br/encontro/2019/submissao/files_I/i10-50da0ef45a0de017726c152ed817ea14.pdf;i10;Área 10 - Economia Regional e Urbana
TRANSPORT AND POPULATION DENSITY IN THE URBAN AREA OF THE CITY OF SALVADOR;https://www.anpec.org.br/encontro/2019/submissao/files_I/i10-927504bd283e1612ca1a3d731444c23b.pdf;i10;Área 10 - Economia Regional e Urbana
TRANSPORTE RODOVIÁRIO DE PASSAGEIROS, FLUXO DE RENDA E CONSUMO: AVALIANDO OS EFEITOS ECONÔMICOS DE POLÍTICAS DA CIDE PARA A ECONOMIA BRASILEIRA;https://www.anpec.org.br/encontro/2019/submissao/files_I/i10-c72204553d06b52ad8e633f26091f9ff.pdf;i10;Área 10 - Economia Regional e Urbana
URBAN EMPLOYMENT SUBCENTERS: THE CASE OF CURITIBA, BRAZIL;https://www.anpec.org.br/encontro/2019/submissao/files_I/i10-1ef07e40df2f8bca3379063e1d77fa9d.pdf;i10;Área 10 - Economia Regional e Urbana
A ESTRUTURA DEMOGRÁFICA TEM EFEITOS NAS EMISSÕES DE POLUENTES? EVIDÊNCIAS A PARTIR DE DIFERENTES GRUPOS DE PAÍSES;https://www.anpec.org.br/encontro/2019/submissao/files_I/i11-225c9d6ed1da613bae613214c98c6721.pdf;i11;Área 11 - Economia Agrícola e do Meio Ambiente
A RELAÇÃO ENTRE SUBSÍDIOS À PESCA E AS EMISSÕES DE CO2 DO SETOR PESQUEIRO;https://www.anpec.org.br/encontro/2019/submissao/files_I/i11-2a01d91f644f2941e04a614d77bc00ff.pdf;i11;Área 11 - Economia Agrícola e do Meio Ambiente
AGRICULTURAL CREDIT, CROP INSURANCE AND THE RISK BALANCING HYPOTHESIS: EVIDENCE FROM BRAZIL;https://www.anpec.org.br/encontro/2019/submissao/files_I/i11-12dcf76367c2bbee59211945d6ebb92c.docx;i11;Área 11 - Economia Agrícola e do Meio Ambiente
BRAZILIAN FUTURE LAND-USE DYNAMICS IN DIVERSE BIOPHYSICAL AND SOCIOECONOMIC SCENARIOS;https://www.anpec.org.br/encontro/2019/submissao/files_I/i11-98e634f49f49106c77ff64065ab8ef79.docx;i11;Área 11 - Economia Agrícola e do Meio Ambiente
CRESCIMENTO ECONÔMICO E EMISSÕES DE GASES DE EFEITO ESTUFA: UMA ANÁLISE DA RELAÇÃO DE LONGO PRAZO PARA OS ESTADOS BRASILEIROS;https://www.anpec.org.br/encontro/2019/submissao/files_I/i11-1ba4e57590a9c9fa190af02d44b23cb5.pdf;i11;Área 11 - Economia Agrícola e do Meio Ambiente
DISSECTING BRAZILIAN BUSINESS AGRICULTURAL CYCLE IN HIGH-DIMENSIONAL AND MIXED-FREQUENCY CONTEXT;https://www.anpec.org.br/encontro/2019/submissao/files_I/i11-f2e280b000a4437ab3697d42d5a03376.pdf;i11;Área 11 - Economia Agrícola e do Meio Ambiente
ECONOMIC DEVELOPMENT AND DEFORESTATION IN THE BRAZILIAN AMAZON: A DYNAMIC SPATIAL PANEL APPROACH;https://www.anpec.org.br/encontro/2019/submissao/files_I/i11-6ae748d147bb6947c2202b83cfe60a63.pdf;i11;Área 11 - Economia Agrícola e do Meio Ambiente
INTEMPÉRIE CLIMÁTICA E POLÍTICA DE PROTEÇÃO SOCIAL: UMA AVALIAÇÃO DO PROGRAMA GARANTIA SAFRA NO COMBATE À INSEGURANÇA ALIMENTAR;https://www.anpec.org.br/encontro/2019/submissao/files_I/i11-b5bad54b452c0321b4678c7d8595eaa2.pdf;i11;Área 11 - Economia Agrícola e do Meio Ambiente
IRRIGATION, TECHNICAL EFFICIENCY AND FARM SIZE IN BRAZIL;https://www.anpec.org.br/encontro/2019/submissao/files_I/i11-e8a46ecc10b3bf315d2ac1f863fd5b28.pdf;i11;Área 11 - Economia Agrícola e do Meio Ambiente
MUDANÇAS NO MERCADO INTERNACIONAL DE ETANOL: CALIBRAÇÃO DE UM MODELO ESPACIAL USANDO PCM;https://www.anpec.org.br/encontro/2019/submissao/files_I/i11-033e7bc09499aad9d8d3bca3051c96d6.pdf;i11;Área 11 - Economia Agrícola e do Meio Ambiente
O ACORDO DE PARIS E AS EMISSÕES DE GASES: IMPACTOS SOBRE A PRODUÇÃO DE SUÍNOS NO BRASIL;https://www.anpec.org.br/encontro/2019/submissao/files_I/i11-e65600f219ff215a3fd3a06e23e596ae.pdf;i11;Área 11 - Economia Agrícola e do Meio Ambiente
THE ENVIRONMENTAL IMPACTS OF THE AGRICULTURAL FRONTIER EXPANSION IN THE CERRADO, BRAZIL;https://www.anpec.org.br/encontro/2019/submissao/files_I/i11-d519ad7dddeae7683c7e4a217ce10603.pdf;i11;Área 11 - Economia Agrícola e do Meio Ambiente
TRANSMISSÃO DE PREÇOS PAGOS AO PRODUTOR DE LEITE, ATACADO E VAREJO NOS ESTADOS BRASILEIROS: UMA ANÁLISE UTILIZANDO SPILLOVERS;https://www.anpec.org.br/encontro/2019/submissao/files_I/i11-1cd6818618d3aa57832b41db7bbc78a9.docx;i11;Área 11 - Economia Agrícola e do Meio Ambiente
USING COOPERATIVES TO REDUCE INCOME INEQUALITY IN THE BRAZILIAN RURAL SECTOR;https://www.anpec.org.br/encontro/2019/submissao/files_I/i11-fe69537cfbe1c20fc3db6d4a06e2eac4.pdf;i11;Área 11 - Economia Agrícola e do Meio Ambiente
USO DA ÁGUA NO BRASIL E SUA RELAÇÃO COM CONDICIONANTES ECONÔMICOS: ANÁLISE A PARTIR DE SIMULAÇÕES COM UM MODELO DE EQUILÍBRIO GERAL;https://www.anpec.org.br/encontro/2019/submissao/files_I/i11-be74db0fe3a4083ee282ae5c1a57bfd5.pdf;i11;Área 11 - Economia Agrícola e do Meio Ambiente
A BRIGHTER FUTURE: THE IMPACT OF RURAL SCHOOL ELECTRIFICATION PROGRAMS ON THE DROPOUT RATE IN PRIMARY EDUCATION IN BRAZIL;https://www.anpec.org.br/encontro/2019/submissao/files_I/i12-800a8ea4e12630dd1240585e1f45a959.pdf;i12;Área 12 - Economia Social e Demografia Econômica
A RELAÇÃO DE INCENTIVOS ENTRE O PROGRAMA BOLSA FAMÍLIA E O CASAMENTO INFANTIL FEMININO;https://www.anpec.org.br/encontro/2019/submissao/files_I/i12-8ac7cdb75261f0bc98ec7d6e8764451a.pdf;i12;Área 12 - Economia Social e Demografia Econômica
ANÁLISE DO DIFERENCIAL DE DESEMPENHO ENTRE ALUNOS DE ESCOLAS RURAIS E URBANAS;https://www.anpec.org.br/encontro/2019/submissao/files_I/i12-9b9bf33c33d9f188fbe0776d953ca388.pdf;i12;Área 12 - Economia Social e Demografia Econômica
AVALIAÇÃO DOS FUNDOS ESTADUAIS DE COMBATE À POBREZA NO NORDESTE A PARTIR DO MÉTODO DE CONTROLE SINTÉTICO GENERALIZADO;https://www.anpec.org.br/encontro/2019/submissao/files_I/i12-3d0901977975f5a966a8af1a5bd3ea4a.pdf;i12;Área 12 - Economia Social e Demografia Econômica
COFFEE PRICE SHOCK AND LOCAL ECONOMIC GROWTH: EVIDENCE FROM COLOMBIA;https://www.anpec.org.br/encontro/2019/submissao/files_I/i12-97a85d7dd374e12dcf8e07a8e2357a87.pdf;i12;Área 12 - Economia Social e Demografia Econômica
DETERMINANTES DA TRANSIÇÃO DESEMPREGO E EMPREGO DO JOVEM BRASILEIRO;https://www.anpec.org.br/encontro/2019/submissao/files_I/i12-e379ab087542567b094c578512ac231e.pdf;i12;Área 12 - Economia Social e Demografia Econômica
DISTÂNCIA À INSTITUIÇÃO DE ENSINO E DEMANDA POR EDUCAÇÃO SUPERIOR;https://www.anpec.org.br/encontro/2019/submissao/files_I/i12-ccc0216284d5dd12dce8134c3d65a264.pdf;i12;Área 12 - Economia Social e Demografia Econômica
DOES BULLYING AFFECT THE SCHOOL PERFORMANCE OF BRAZILIAN STUDENTS? AN ANALYSIS THROUGH OF PISA 2015;https://www.anpec.org.br/encontro/2019/submissao/files_I/i12-53cf46b1b2a41eca240d2bc1f6b12821.pdf;i12;Área 12 - Economia Social e Demografia Econômica
DOES LOCAL FISCAL POLICY AFFECT MIGRATION? EVIDENCE OF A FISCAL WINDFALL IN A DEVELOPING COUNTRY;https://www.anpec.org.br/encontro/2019/submissao/files_I/i12-c352774646be9eef49d2a1d4a639819a.pdf;i12;Área 12 - Economia Social e Demografia Econômica
DOMICÍLIOS CHEFIADOS POR MULHERES E CHOQUES DE RENDA: UMA ANÁLISE PARA AS REGIÕES METROPOLITANAS BRASILEIRAS NO PERÍODO DE 2011 A 2015;https://www.anpec.org.br/encontro/2019/submissao/files_I/i12-9dff3adaaf1149e0c3e78765dcd7b2ee.pdf;i12;Área 12 - Economia Social e Demografia Econômica
EFICIÊNCIA E SOLIDARISMO DOS EMPREENDIMENTOS DE ECONOMIA SOLIDÁRIA BRASILEIROS: UMA ANÁLISE EMPÍRICA COM O MÉTODO DE FRONTEIRA ESTOCÁSTICA;https://www.anpec.org.br/encontro/2019/submissao/files_I/i12-c1189d48d373f325f0609b09cf341d33.pdf;i12;Área 12 - Economia Social e Demografia Econômica
ENVIRONMENTAL DISASTERS AND BIRTH OUTCOMES: IMPACT OF A TAILINGS DAM BREAKAGE IN BRAZIL;https://www.anpec.org.br/encontro/2019/submissao/files_I/i12-6b62bc9c0b206ede926f3aa4192e13c1.pdf;i12;Área 12 - Economia Social e Demografia Econômica
ESGOTAMENTO SANITÁRIO E SAÚDE INFANTIL NOS MUNICÍPIOS BRASILEIROS: ANÁLISE A PARTIR DA EXPANSÃO NO ACESSO A FINANCIAMENTO DE LONGO PRAZO;https://www.anpec.org.br/encontro/2019/submissao/files_I/i12-04f3ff77b5269e14c1dfc9cd9c88f266.docx;i12;Área 12 - Economia Social e Demografia Econômica
EXPLICANDO AS DIFERENÇAS DE DESEMPENHO EDUCACIONAL NO BRASIL ENTRE ESTUDANTES DE ESCOLAS PRIVADAS E PÚBLICAS;https://www.anpec.org.br/encontro/2019/submissao/files_I/i12-dc8dc01ae75a6d479e7127769ccb2d48.pdf;i12;Área 12 - Economia Social e Demografia Econômica
FATORES ASSOCIADOS A INTENSIDADE DO CONSUMO DE ÁLCOOL POR ESCOLARES NO BRASIL;https://www.anpec.org.br/encontro/2019/submissao/files_I/i12-e8401a44788caff94484a7d328459940.pdf;i12;Área 12 - Economia Social e Demografia Econômica
FILHO DE PEIXE, PEIXINHO É? A TRANSMISSÃO INTERGERACIONAL DE ESCOLHA DE OCUPAÇÕES;https://www.anpec.org.br/encontro/2019/submissao/files_I/i12-ea33c2a7566bee81bec5abda1fc20075.pdf;i12;Área 12 - Economia Social e Demografia Econômica
HABITAÇÃO E DOENÇAS SANITÁRIAS: UMA ABORDAGEM UTILIZANDO UM DESENHO DE REGRESSÃO DESCONTINUA;https://www.anpec.org.br/encontro/2019/submissao/files_I/i12-d7cc81b0bd337fdbf22db142970f6c04.pdf;i12;Área 12 - Economia Social e Demografia Econômica
HEALTH AT BIRTH AND THE DYNAMICS OF RACIAL INEQUALITY IN HUMAN CAPITAL FORMATION IN BRAZIL;https://www.anpec.org.br/encontro/2019/submissao/files_I/i12-ce4a9f4bf7b5310ac423ff26b202ebe1.pdf;i12;Área 12 - Economia Social e Demografia Econômica
HEY, TEACHERS! DON'T LEAVE THEM KIDS ALONE: O EFEITO DAS EXPECTATIVAS DOS PROFESSORES SOBRE O MINDSET DOS ALUNOS;https://www.anpec.org.br/encontro/2019/submissao/files_I/i12-da007da9340b03597fe2ebec538ab6be.pdf;i12;Área 12 - Economia Social e Demografia Econômica
HOW DOES EARLY MARRIAGE AFFECT THE EDUCATION OF WOMEN IN BRAZIL?;https://www.anpec.org.br/encontro/2019/submissao/files_I/i12-96cb9122a2bf5b6276f26c9b16711f43.pdf;i12;Área 12 - Economia Social e Demografia Econômica
IMPACT OF THE BRAZILIAN FAMILY HEALTH STRATEGY ON SEXUAL AND REPRODUCTIVE HEALTH OUTCOMES: AN ANALYSIS AT INDIVIDUAL AND POPULATION LEVELS;https://www.anpec.org.br/encontro/2019/submissao/files_I/i12-996e1e67a264e36bf067c6d0470cd495.pdf;i12;Área 12 - Economia Social e Demografia Econômica
IMPACTO DO PROGRAMA MAIS MÉDICO NAS TAXAS DE MORTALIDADE (2010-2015);https://www.anpec.org.br/encontro/2019/submissao/files_I/i12-77aa81bbeaf91194a1429e9147649144.docx;i12;Área 12 - Economia Social e Demografia Econômica
IMPACTO DO PSF NA MORTALIDADE INFANTIL NOS MUNICÍPIOS BRASILEIROS;https://www.anpec.org.br/encontro/2019/submissao/files_I/i12-b2a76a46e8f6bf8551c24e9d8a552dc0.pdf;i12;Área 12 - Economia Social e Demografia Econômica
NATURAL RESOURCES AND EARLY-LIFE HEALTH CONDITIONS: EVIDENCE FROM COLOMBIA;https://www.anpec.org.br/encontro/2019/submissao/files_I/i12-c777ec5eedefff478b65cffc86c94fe4.pdf;i12;Área 12 - Economia Social e Demografia Econômica
O EFEITO DA CRIAÇÃO DO BPC SOBRE A POUPANÇA FAMILIAR;https://www.anpec.org.br/encontro/2019/submissao/files_I/i12-954b7137d6ce01619365fc5003afd65d.pdf;i12;Área 12 - Economia Social e Demografia Econômica
O EFEITO DA PARCELA DE CONTRIBUIÇÃO DA MÃE NO ORÇAMENTO FAMILIAR SOBRE OS RESULTADOS NUTRICIONAIS DOS FILHOS: EVIDÊNCIAS A PARTIR DAS PESQUISAS DE ORÇAMENTOS FAMILIARES NO BRASIL;https://www.anpec.org.br/encontro/2019/submissao/files_I/i12-a637f8f37c49e98988ab14eda0e8c5d1.pdf;i12;Área 12 - Economia Social e Demografia Econômica
O IMPACTO DA EXPANSÃO DO PROGRAMA BOLSA FAMÍLIA NA EDUCAÇÃO DE JOVENS E ADULTOS;https://www.anpec.org.br/encontro/2019/submissao/files_I/i12-a6097f17d2c9c2cd6651061840e9d67f.docx;i12;Área 12 - Economia Social e Demografia Econômica
OS GASTOS FEDERAIS COM ASSISTÊNCIA SOCIAL DIMINUEM OS GASTOS LOCAIS? ESTIMANDO O EFEITO CROWDING OUT DOS GASTOS SOCIAIS NO BRASIL;https://www.anpec.org.br/encontro/2019/submissao/files_I/i12-cb77ad52c517bbbd37996494e90555c5.pdf;i12;Área 12 - Economia Social e Demografia Econômica
PADRÕES RECENTES DE INSERÇÃO E MOBILIDADE NO TRABALHO DOMÉSTICO NO BRASIL METROPOLITANO: DESCONTINUIDADES E PERSISTÊNCIAS;https://www.anpec.org.br/encontro/2019/submissao/files_I/i12-c942a47539ebd5c5fede7ec4a65b3b89.pdf;i12;Área 12 - Economia Social e Demografia Econômica
POLÍTICAS DE FINANCIAMENTO ESTUDANTIL: ANÁLISE DE IMPACTO DO FIES NO TEMPO DE CONCLUSÃO DO ENSINO SUPERIOR;https://www.anpec.org.br/encontro/2019/submissao/files_I/i12-7dec63b40c70373c970265d63e3a6936.pdf;i12;Área 12 - Economia Social e Demografia Econômica
PROGRAMA “AQUI TEM FARMÁCIA POPULAR” E HIPERTENSÃO ARTERIAL: UMA ESTRATÉGIA DE IDENTIFICAÇÃO ATRAVÉS DE UM MODELO DE DIFERENÇAS EM DIFERENÇAS.;https://www.anpec.org.br/encontro/2019/submissao/files_I/i12-195020a7ea7cda8b59a2db0718b82e0e.pdf;i12;Área 12 - Economia Social e Demografia Econômica
RACIAL DEMOCRACY AND BLACK VITIMIZATION IN BRAZIL;https://www.anpec.org.br/encontro/2019/submissao/files_I/i12-818f7679b7ec24eaf8faff5d482fe446.pdf;i12;Área 12 - Economia Social e Demografia Econômica
REPROVAÇÃO E EFEITOS SOBRE RESULTADOS EDUCACIONAIS;https://www.anpec.org.br/encontro/2019/submissao/files_I/i12-6e7cf742d51387586c43072e963949ae.pdf;i12;Área 12 - Economia Social e Demografia Econômica
SPATIAL SPILLOVER OF A CRIME CRACKDOWN POLICY IN BRAZIL: THE CASE OF THE PACIFYING POLICE UNITS (UPPS);https://www.anpec.org.br/encontro/2019/submissao/files_I/i12-11277c1df6ace22a16b17d49e1d072ec.pdf;i12;Área 12 - Economia Social e Demografia Econômica
TEMPO NA ESCOLA E MOTIVAÇÕES EDUCACIONAIS: IMPACTOS DO BOLSA FAMÍLIA;https://www.anpec.org.br/encontro/2019/submissao/files_I/i12-7f48d5231024dc5d170c95a2407a2fdf.pdf;i12;Área 12 - Economia Social e Demografia Econômica
WHAT ARE THE MAIN DRIVERS OF BRAZILIAN INCOME DISTRIBUTION CHANGES IN THE NEW MILLENNIUM?;https://www.anpec.org.br/encontro/2019/submissao/files_I/i12-61bf347c0c1b3e2f87a72d9e00014f06.pdf;i12;Área 12 - Economia Social e Demografia Econômica
A ÉTICA PROTESTANTE E O ESPÍRITO DO CAPITALISMO: PREFERÊNCIAS QUANTO AO MERCADO DE TRABALHO, EMPREENDEDORISMO E A ESTRUTURA FAMILIAR NO BRASIL;https://www.anpec.org.br/encontro/2019/submissao/files_I/i13-24c4b37405b9f1ed5cfb3041f67212a8.pdf;i13;Área 13 - Economia do Trabalho
DINÂMICA DA POLARIZAÇÃO DA OFERTA DE TRABALHO FAMILIAR NO BRASIL URBANO;https://www.anpec.org.br/encontro/2019/submissao/files_I/i13-94ea60139b4a2453dba4e4494e6a83fe.pdf;i13;Área 13 - Economia do Trabalho
DOES RISK AVERSION INCREASE THE WILLINGNESS TO BECOME A TEACHER IN BRAZIL? AN INVESTIGATION OF RISK PREFERENCE AND OCCUPATION CHOICE AMONG STUDENTS OF TEACHER TRAINING PROGRAMS;https://www.anpec.org.br/encontro/2019/submissao/files_I/i13-bb35ced0b8fb3169105e6ba3527527a8.pdf;i13;Área 13 - Economia do Trabalho
DURAÇÃO DO DESEMPREGO E CRISE ECONÔMICA: UMA ANÁLISE SOB RISCOS COMPETITIVOS PARA O BRASIL NO PERÍODO 2012-2018;https://www.anpec.org.br/encontro/2019/submissao/files_I/i13-84ce2bbac12611cf95343d10b6c190e4.pdf;i13;Área 13 - Economia do Trabalho
ESTIMATIVA PARA A CURVA DE SALÁRIO NO BRASIL: EVIDÊNCIAS A PARTIR DE INTERAÇÕES ESPACIAIS EM TEMPOS DE RECESSÃO;https://www.anpec.org.br/encontro/2019/submissao/files_I/i13-9e2c197ae9af7470030455ac8957b164.pdf;i13;Área 13 - Economia do Trabalho
EVOLUÇÃO DOS PRÊMIOS SALARIAIS RELATIVOS A HABILIDADES OCUPACIONAIS: UMA ANÁLISE DO PERÍODO DE 2006 A 2016;https://www.anpec.org.br/encontro/2019/submissao/files_I/i13-ffe6ef9bbd3fdf68dd8592370da6df32.docx;i13;Área 13 - Economia do Trabalho
EXPLICANDO A EVOLUÇÃO DOS SALÁRIOS RELATIVOS POR GRUPOS DE QUALIFICAÇÃO NO BRASIL;https://www.anpec.org.br/encontro/2019/submissao/files_I/i13-82d18b18170788c82cdd4a39030f67ad.pdf;i13;Área 13 - Economia do Trabalho
INFORMAL JOBS, SAMPLE SELECTION AND URBAN WAGE PREMIUM IN BRAZIL: EVIDENCE FROM 2012 TO 2018;https://www.anpec.org.br/encontro/2019/submissao/files_I/i13-fa276c4420fa16bcad55323dfa0559c5.pdf;i13;Área 13 - Economia do Trabalho
MOBILIDADE INTERGERACIONAL DE RENDA NO BRASIL: UMA ANÁLISE DA EVOLUÇÃO NOS ÚLTIMOS 20 ANOS;https://www.anpec.org.br/encontro/2019/submissao/files_I/i13-4992633d989fd7cd5f7f6f5ad673b451.pdf;i13;Área 13 - Economia do Trabalho
O EFEITO DE FILHOS COM DEFICIÊNCIA INTELECTUAL NA OFERTA DE TRABALHO DAS MÃES NO BRASIL;https://www.anpec.org.br/encontro/2019/submissao/files_I/i13-f4c72e56b11e106dec0ebe38a964187b.pdf;i13;Área 13 - Economia do Trabalho
O ESPAÇO SETORIAL-OCUPACIONAL REVELA A ESTRATIFICAÇÃO SOCIOECONÔMICA NO BRASIL;https://www.anpec.org.br/encontro/2019/submissao/files_I/i13-f4935ecbc20c983a017f0cd958943acd.docx;i13;Área 13 - Economia do Trabalho
O IMPACTO DA “LEI DO DESCANSO” NAS HORAS MENSAIS TRABALHADAS, NOS SALÁRIOS E NOS ACIDENTES NÃO-FATAIS DO TRABALHO DOS CAMINHONEIROS BRASILEIROS;https://www.anpec.org.br/encontro/2019/submissao/files_I/i13-71e5bc7a3348c1533d553985d2b08c8f.pdf;i13;Área 13 - Economia do Trabalho
PEER EFFECT? AN EMPIRICAL ESSAY ON THE INFLUENCE OF FRIENDS ON THE ENTREPRENEURIAL INTENTION OF STUDENTS OF A BRAZILIAN FEDERAL INSTITUTE OF TECHNOLOGY;https://www.anpec.org.br/encontro/2019/submissao/files_I/i13-3c1fff5b67289ccedde4ba06bec799df.docx;i13;Área 13 - Economia do Trabalho
STRUCTURAL VS. QUASI-EXPERIMENTAL POLICY EVALUATION: THE PAROLL TAX EXEMPTION IN BRAZIL;https://www.anpec.org.br/encontro/2019/submissao/files_I/i13-df8c68c9897479ad48964d33b0e12d3f.pdf;i13;Área 13 - Economia do Trabalho
SURVIVAL ANALYSIS OF YOUNG PEOPLE IN THEIR FIRST EMPLOYMENT IN BRAZIL;https://www.anpec.org.br/encontro/2019/submissao/files_I/i13-1653ca749055b61cf900ac694c712b6f.pdf;i13;Área 13 - Economia do Trabalho
THE CONSEQUENCES OF PARENTS’ UNEMPLOYMENT ON INVESTMENTS IN CHILDREN’S EDUCATION IN BRAZIL;https://www.anpec.org.br/encontro/2019/submissao/files_I/i13-bde117f036c50cc106163141d2c9ec2d.docx;i13;Área 13 - Economia do Trabalho
UNEQUAL HEAD START: HETEROGENEOUS SHORT-TERM IMPACTS OF GRADUATING ON EMPLOYMENT AND INCOME - A FIXED-EFFECTS REGRESSION ANALYSIS;https://www.anpec.org.br/encontro/2019/submissao/files_I/i13-4de26e94b0851f14fd9b5564fd95368e.pdf;i13;Área 13 - Economia do Trabalho
WHAT DRIVES THE EFFECT OF LABOR INSPECTIONS ON FORMAL LABOR? THE ROLES OF INFORMATION AND PUNISHMENT;https://www.anpec.org.br/encontro/2019/submissao/files_I/i13-c9a0a29a1a966fe6ff6f3ec515df83bb.pdf;i13;Área 13 - Economia do Trabalho
